"payment_id","customer_id","subscription_id","invoice_id","payment_date","amount","currency","payment_method","payment_status","billing_period_start","billing_period_end","failure_reason"
1,1,1,"INV-2021-01-1-1","2021-05-04","5990.04","EUR","PayPal","Paid","2021-04-29","2022-04-28",""
2,1,1,"INV-2021-02-1-2","2022-05-03","5990.04","EUR","PayPal","Paid","2022-04-29","2023-04-28",""
3,1,1,"INV-2021-03-1-3","2023-05-04","5990.04","EUR","SEPA Direct Debit","Paid","2023-04-29","2024-04-27",""
4,1,1,"INV-2021-04-1-4","2024-05-03","5990.04","EUR","SEPA Direct Debit","Paid","2024-04-28","2025-04-27",""
5,1,1,"INV-2021-05-1-5","2025-04-30","5990.04","EUR","Bank Transfer","Paid","2025-04-28","2026-04-27",""
6,1,1,"INV-2021-06-1-6","2026-04-30","5990.04","EUR","Bank Transfer","Paid","2026-04-28","2027-04-27",""
7,2,2,"INV-2021-01-2-1","2023-01-08","2990.04","EUR","PayPal","Paid","2023-01-07","2024-01-06",""
8,2,2,"INV-2021-02-2-2","2024-01-09","2990.04","EUR","SEPA Direct Debit","Paid","2024-01-07","2025-01-05",""
9,2,2,"INV-2021-03-2-3","2025-01-06","2990.04","EUR","SEPA Direct Debit","Paid","2025-01-06","2026-01-05",""
10,2,2,"INV-2021-04-2-4","2026-01-07","2990.04","EUR","SEPA Direct Debit","Paid","2026-01-06","2027-01-05",""
11,3,3,"INV-2021-01-3-1","2021-08-25","269.10","EUR","Bank Transfer","Paid","2021-08-25","2021-09-23",""
12,3,3,"INV-2021-02-3-2","2021-09-26","269.10","EUR","Card","Paid","2021-09-24","2021-10-23",""
13,3,3,"INV-2021-03-3-3","2021-10-28","269.10","EUR","Bank Transfer","Paid","2021-10-24","2021-11-22",""
14,3,3,"INV-2021-04-3-4","2021-11-28","269.10","EUR","PayPal","Paid","2021-11-23","2021-12-22",""
15,3,3,"INV-2021-05-3-5","2021-12-23","269.10","EUR","SEPA Direct Debit","Paid","2021-12-23","2022-01-21",""
16,3,3,"INV-2021-06-3-6","2022-01-25","269.10","EUR","SEPA Direct Debit","Paid","2022-01-22","2022-02-20",""
17,3,3,"INV-2021-07-3-7","2022-02-22","269.10","EUR","SEPA Direct Debit","Pending","2022-02-21","2022-03-22",""
18,3,3,"INV-2021-08-3-8","2022-03-26","269.10","EUR","Card","Paid","2022-03-23","2022-04-21",""
19,3,3,"INV-2021-09-3-9","2022-04-25","269.10","EUR","Card","Paid","2022-04-22","2022-05-21",""
20,3,3,"INV-2021-10-3-10","2022-05-23","269.10","EUR","SEPA Direct Debit","Paid","2022-05-22","2022-06-20",""
21,3,3,"INV-2021-11-3-11","2022-06-21","269.10","EUR","Card","Refunded","2022-06-21","2022-07-20","Customer Requested Refund"
22,3,3,"INV-2021-12-3-12","2022-07-25","269.10","EUR","Bank Transfer","Paid","2022-07-21","2022-08-19",""
23,3,3,"INV-2022-01-3-13","2022-08-24","269.10","EUR","PayPal","Paid","2022-08-20","2022-09-18",""
24,3,3,"INV-2022-02-3-14","2022-09-21","269.10","EUR","PayPal","Paid","2022-09-19","2022-10-18",""
25,3,3,"INV-2022-03-3-15","2022-10-21","269.10","EUR","Card","Paid","2022-10-19","2022-11-17",""
26,3,3,"INV-2022-04-3-16","2022-11-22","269.10","EUR","Card","Pending","2022-11-18","2022-12-17",""
27,3,3,"INV-2022-05-3-17","2022-12-19","269.10","EUR","SEPA Direct Debit","Paid","2022-12-18","2023-01-16",""
28,3,3,"INV-2022-06-3-18","2023-01-22","269.10","EUR","Bank Transfer","Paid","2023-01-17","2023-02-15",""
29,3,3,"INV-2022-07-3-19","2023-02-17","269.10","EUR","Bank Transfer","Paid","2023-02-16","2023-03-17",""
30,3,3,"INV-2022-08-3-20","2023-03-18","269.10","EUR","PayPal","Paid","2023-03-18","2023-04-16",""
31,3,3,"INV-2022-09-3-21","2023-04-19","269.10","EUR","SEPA Direct Debit","Paid","2023-04-17","2023-05-16",""
32,3,3,"INV-2022-10-3-22","2023-05-22","269.10","EUR","PayPal","Paid","2023-05-17","2023-06-15",""
33,3,3,"INV-2022-11-3-23","2023-06-16","269.10","EUR","SEPA Direct Debit","Paid","2023-06-16","2023-07-15",""
34,3,3,"INV-2022-12-3-24","2023-07-21","269.10","EUR","Bank Transfer","Paid","2023-07-16","2023-08-14",""
35,4,4,"INV-2021-01-4-1","2022-07-26","13599.96","EUR","Bank Transfer","Paid","2022-07-23","2023-07-22",""
36,4,4,"INV-2021-02-4-2","2023-07-28","13599.96","EUR","SEPA Direct Debit","Paid","2023-07-23","2024-07-21",""
37,4,4,"INV-2021-03-4-3","2024-07-23","13599.96","EUR","Bank Transfer","Paid","2024-07-22","2025-07-21",""
38,4,4,"INV-2021-04-4-4","2025-07-24","13599.96","EUR","SEPA Direct Debit","Paid","2025-07-22","2026-07-21",""
39,4,4,"INV-2021-05-4-5","2026-07-25","13599.96","EUR","SEPA Direct Debit","Paid","2026-07-22","2027-07-21",""
40,5,5,"INV-2021-01-5-1","2021-09-24","299.00","EUR","SEPA Direct Debit","Paid","2021-09-19","2021-10-18",""
41,5,5,"INV-2021-02-5-2","2021-10-23","299.00","EUR","PayPal","Paid","2021-10-19","2021-11-17",""
42,5,5,"INV-2021-03-5-3","2021-11-18","299.00","EUR","PayPal","Paid","2021-11-18","2021-12-17",""
43,5,5,"INV-2021-04-5-4","2021-12-23","299.00","EUR","SEPA Direct Debit","Paid","2021-12-18","2022-01-16",""
44,5,5,"INV-2021-05-5-5","2022-01-17","299.00","EUR","Card","Paid","2022-01-17","2022-02-15",""
45,5,5,"INV-2021-06-5-6","2022-02-21","299.00","EUR","Card","Paid","2022-02-16","2022-03-17",""
46,5,5,"INV-2021-07-5-7","2022-03-19","299.00","EUR","PayPal","Paid","2022-03-18","2022-04-16",""
47,5,5,"INV-2021-08-5-8","2022-04-19","299.00","EUR","PayPal","Paid","2022-04-17","2022-05-16",""
48,5,5,"INV-2021-09-5-9","2022-05-22","299.00","EUR","Card","Paid","2022-05-17","2022-06-15",""
49,5,5,"INV-2021-10-5-10","2022-06-19","299.00","EUR","SEPA Direct Debit","Paid","2022-06-16","2022-07-15",""
50,5,5,"INV-2021-11-5-11","2022-07-18","299.00","EUR","Bank Transfer","Paid","2022-07-16","2022-08-14",""
51,5,5,"INV-2021-12-5-12","2022-08-17","299.00","EUR","PayPal","Paid","2022-08-15","2022-09-13",""
52,5,5,"INV-2022-01-5-13","2022-09-16","299.00","EUR","PayPal","Paid","2022-09-14","2022-10-13",""
53,5,5,"INV-2022-02-5-14","2022-10-18","299.00","EUR","Card","Paid","2022-10-14","2022-11-12",""
54,5,5,"INV-2022-03-5-15","2022-11-15","299.00","EUR","Card","Paid","2022-11-13","2022-12-12",""
55,5,5,"INV-2022-04-5-16","2022-12-16","299.00","EUR","Card","Paid","2022-12-13","2023-01-11",""
56,5,5,"INV-2022-05-5-17","2023-01-17","299.00","EUR","PayPal","Paid","2023-01-12","2023-02-10",""
57,5,5,"INV-2022-06-5-18","2023-02-14","299.00","EUR","SEPA Direct Debit","Paid","2023-02-11","2023-03-12",""
58,5,5,"INV-2022-07-5-19","2023-03-17","299.00","EUR","PayPal","Paid","2023-03-13","2023-04-11",""
59,5,5,"INV-2022-08-5-20","2023-04-12","299.00","EUR","Bank Transfer","Paid","2023-04-12","2023-05-11",""
60,5,5,"INV-2022-09-5-21","2023-05-14","299.00","EUR","PayPal","Paid","2023-05-12","2023-06-10",""
61,5,5,"INV-2022-10-5-22","2023-06-11","299.00","EUR","Bank Transfer","Paid","2023-06-11","2023-07-10",""
62,5,5,"INV-2022-11-5-23","2023-07-16","299.00","EUR","Card","Paid","2023-07-11","2023-08-09",""
63,5,5,"INV-2022-12-5-24","2023-08-14","299.00","EUR","Bank Transfer","Paid","2023-08-10","2023-09-08",""
64,6,6,"INV-2021-01-6-1","2022-01-07","949.05","EUR","Card","Paid","2022-01-07","2022-02-05",""
65,6,6,"INV-2021-02-6-2","2022-02-11","949.05","EUR","PayPal","Paid","2022-02-06","2022-03-07",""
66,6,6,"INV-2021-03-6-3","2022-03-13","949.05","EUR","SEPA Direct Debit","Paid","2022-03-08","2022-04-06",""
67,6,6,"INV-2021-04-6-4","2022-04-10","949.05","EUR","PayPal","Paid","2022-04-07","2022-05-06",""
68,6,6,"INV-2021-05-6-5","2022-05-08","949.05","EUR","Bank Transfer","Paid","2022-05-07","2022-06-05",""
69,6,6,"INV-2021-06-6-6","2022-06-09","949.05","EUR","Bank Transfer","Paid","2022-06-06","2022-07-05",""
70,6,6,"INV-2021-07-6-7","2022-07-06","949.05","EUR","PayPal","Paid","2022-07-06","2022-08-04",""
71,6,6,"INV-2021-08-6-8","2022-08-07","949.05","EUR","SEPA Direct Debit","Failed","2022-08-05","2022-09-03","Invalid Account"
72,6,6,"INV-2021-09-6-9","2022-09-04","949.05","EUR","SEPA Direct Debit","Paid","2022-09-04","2022-10-03",""
73,6,6,"INV-2021-10-6-10","2022-10-08","949.05","EUR","PayPal","Paid","2022-10-04","2022-11-02",""
74,6,6,"INV-2021-11-6-11","2022-11-04","949.05","EUR","PayPal","Paid","2022-11-03","2022-12-02",""
75,6,6,"INV-2021-12-6-12","2022-12-05","949.05","EUR","PayPal","Paid","2022-12-03","2023-01-01",""
76,6,6,"INV-2022-01-6-13","2023-01-05","949.05","EUR","Bank Transfer","Failed","2023-01-02","2023-01-31","Card Expired"
77,6,6,"INV-2022-02-6-14","2023-02-05","949.05","EUR","PayPal","Paid","2023-02-01","2023-03-02",""
78,6,6,"INV-2022-03-6-15","2023-03-03","949.05","EUR","PayPal","Paid","2023-03-03","2023-04-01",""
79,6,6,"INV-2022-04-6-16","2023-04-07","949.05","EUR","PayPal","Failed","2023-04-02","2023-05-01","Network Error"
80,6,6,"INV-2022-05-6-17","2023-05-07","949.05","EUR","Bank Transfer","Paid","2023-05-02","2023-05-31",""
81,6,6,"INV-2022-06-6-18","2023-06-04","949.05","EUR","Bank Transfer","Pending","2023-06-01","2023-06-30",""
82,6,6,"INV-2022-07-6-19","2023-07-05","949.05","EUR","SEPA Direct Debit","Pending","2023-07-01","2023-07-30",""
83,6,6,"INV-2022-08-6-20","2023-07-31","949.05","EUR","PayPal","Paid","2023-07-31","2023-08-29",""
84,6,6,"INV-2022-09-6-21","2023-08-30","949.05","EUR","PayPal","Paid","2023-08-30","2023-09-28",""
85,6,6,"INV-2022-10-6-22","2023-09-29","949.05","EUR","PayPal","Paid","2023-09-29","2023-10-28",""
86,6,6,"INV-2022-11-6-23","2023-11-03","949.05","EUR","Card","Pending","2023-10-29","2023-11-27",""
87,6,6,"INV-2022-12-6-24","2023-12-01","949.05","EUR","SEPA Direct Debit","Paid","2023-11-28","2023-12-27",""
88,7,7,"INV-2021-01-7-1","2022-02-15","599.00","EUR","PayPal","Paid","2022-02-13","2022-03-14",""
89,7,7,"INV-2021-02-7-2","2022-03-20","599.00","EUR","SEPA Direct Debit","Paid","2022-03-15","2022-04-13",""
90,7,7,"INV-2021-03-7-3","2022-04-19","599.00","EUR","PayPal","Paid","2022-04-14","2022-05-13",""
91,7,7,"INV-2021-04-7-4","2022-05-16","599.00","EUR","PayPal","Paid","2022-05-14","2022-06-12",""
92,7,7,"INV-2021-05-7-5","2022-06-17","599.00","EUR","Card","Paid","2022-06-13","2022-07-12",""
93,7,7,"INV-2021-06-7-6","2022-07-14","599.00","EUR","SEPA Direct Debit","Paid","2022-07-13","2022-08-11",""
94,7,7,"INV-2021-07-7-7","2022-08-13","599.00","EUR","PayPal","Paid","2022-08-12","2022-09-10",""
95,7,7,"INV-2021-08-7-8","2022-09-11","599.00","EUR","Card","Paid","2022-09-11","2022-10-10",""
96,7,7,"INV-2021-09-7-9","2022-10-14","599.00","EUR","SEPA Direct Debit","Paid","2022-10-11","2022-11-09",""
97,7,7,"INV-2021-10-7-10","2022-11-10","599.00","EUR","Card","Paid","2022-11-10","2022-12-09",""
98,7,7,"INV-2021-11-7-11","2022-12-12","599.00","EUR","PayPal","Paid","2022-12-10","2023-01-08",""
99,7,7,"INV-2021-12-7-12","2023-01-10","599.00","EUR","PayPal","Paid","2023-01-09","2023-02-07",""
100,7,7,"INV-2022-01-7-13","2023-02-12","599.00","EUR","Bank Transfer","Paid","2023-02-08","2023-03-09",""
101,7,7,"INV-2022-02-7-14","2023-03-11","599.00","EUR","PayPal","Paid","2023-03-10","2023-04-08",""
102,7,7,"INV-2022-03-7-15","2023-04-13","599.00","EUR","PayPal","Paid","2023-04-09","2023-05-08",""
103,7,7,"INV-2022-04-7-16","2023-05-13","599.00","EUR","PayPal","Paid","2023-05-09","2023-06-07",""
104,7,7,"INV-2022-05-7-17","2023-06-13","599.00","EUR","SEPA Direct Debit","Paid","2023-06-08","2023-07-07",""
105,7,7,"INV-2022-06-7-18","2023-07-13","599.00","EUR","PayPal","Paid","2023-07-08","2023-08-06",""
106,7,7,"INV-2022-07-7-19","2023-08-09","599.00","EUR","Bank Transfer","Paid","2023-08-07","2023-09-05",""
107,7,7,"INV-2022-08-7-20","2023-09-06","599.00","EUR","SEPA Direct Debit","Paid","2023-09-06","2023-10-05",""
108,7,7,"INV-2022-09-7-21","2023-10-10","599.00","EUR","PayPal","Paid","2023-10-06","2023-11-04",""
109,7,7,"INV-2022-10-7-22","2023-11-10","599.00","EUR","SEPA Direct Debit","Paid","2023-11-05","2023-12-04",""
110,7,7,"INV-2022-11-7-23","2023-12-06","599.00","EUR","PayPal","Refunded","2023-12-05","2024-01-03","Customer Requested Refund"
111,7,7,"INV-2022-12-7-24","2024-01-04","599.00","EUR","SEPA Direct Debit","Paid","2024-01-04","2024-02-02",""
112,8,8,"INV-2021-01-8-1","2021-03-22","284.05","EUR","SEPA Direct Debit","Paid","2021-03-18","2021-04-16",""
113,8,8,"INV-2021-02-8-2","2021-04-17","284.05","EUR","PayPal","Pending","2021-04-17","2021-05-16",""
114,8,8,"INV-2021-03-8-3","2021-05-19","284.05","EUR","Card","Paid","2021-05-17","2021-06-15",""
115,8,8,"INV-2021-04-8-4","2021-06-20","284.05","EUR","SEPA Direct Debit","Paid","2021-06-16","2021-07-15",""
116,8,8,"INV-2021-05-8-5","2021-07-17","284.05","EUR","SEPA Direct Debit","Paid","2021-07-16","2021-08-14",""
117,8,8,"INV-2021-06-8-6","2021-08-16","284.05","EUR","SEPA Direct Debit","Paid","2021-08-15","2021-09-13",""
118,8,8,"INV-2021-07-8-7","2021-09-19","284.05","EUR","Bank Transfer","Paid","2021-09-14","2021-10-13",""
119,8,8,"INV-2021-08-8-8","2021-10-19","284.05","EUR","Card","Paid","2021-10-14","2021-11-12",""
120,8,8,"INV-2021-09-8-9","2021-11-15","284.05","EUR","Card","Paid","2021-11-13","2021-12-12",""
121,8,8,"INV-2021-10-8-10","2021-12-17","284.05","EUR","Bank Transfer","Paid","2021-12-13","2022-01-11",""
122,8,8,"INV-2021-11-8-11","2022-01-12","284.05","EUR","PayPal","Failed","2022-01-12","2022-02-10","Bank Rejected"
123,8,8,"INV-2021-12-8-12","2022-02-12","284.05","EUR","SEPA Direct Debit","Paid","2022-02-11","2022-03-12",""
124,8,8,"INV-2022-01-8-13","2022-03-17","284.05","EUR","SEPA Direct Debit","Paid","2022-03-13","2022-04-11",""
125,8,8,"INV-2022-02-8-14","2022-04-13","284.05","EUR","PayPal","Paid","2022-04-12","2022-05-11",""
126,8,8,"INV-2022-03-8-15","2022-05-14","284.05","EUR","SEPA Direct Debit","Paid","2022-05-12","2022-06-10",""
127,8,8,"INV-2022-04-8-16","2022-06-11","284.05","EUR","Card","Paid","2022-06-11","2022-07-10",""
128,8,8,"INV-2022-05-8-17","2022-07-12","284.05","EUR","Bank Transfer","Paid","2022-07-11","2022-08-09",""
129,8,8,"INV-2022-06-8-18","2022-08-15","284.05","EUR","PayPal","Paid","2022-08-10","2022-09-08",""
130,8,8,"INV-2022-07-8-19","2022-09-13","284.05","EUR","PayPal","Paid","2022-09-09","2022-10-08",""
131,8,8,"INV-2022-08-8-20","2022-10-09","284.05","EUR","Card","Paid","2022-10-09","2022-11-07",""
132,8,8,"INV-2022-09-8-21","2022-11-11","284.05","EUR","SEPA Direct Debit","Paid","2022-11-08","2022-12-07",""
133,8,8,"INV-2022-10-8-22","2022-12-12","284.05","EUR","SEPA Direct Debit","Paid","2022-12-08","2023-01-06",""
134,8,8,"INV-2022-11-8-23","2023-01-07","284.05","EUR","PayPal","Paid","2023-01-07","2023-02-05",""
135,8,8,"INV-2022-12-8-24","2023-02-06","284.05","EUR","SEPA Direct Debit","Paid","2023-02-06","2023-03-07",""
136,9,9,"INV-2021-01-9-1","2022-08-04","0.00","EUR","Card","Paid","2022-07-31","2023-07-30",""
137,9,9,"INV-2021-02-9-2","2023-08-05","0.00","EUR","SEPA Direct Debit","Paid","2023-07-31","2024-07-29",""
138,9,9,"INV-2021-03-9-3","2024-08-04","0.00","EUR","Bank Transfer","Paid","2024-07-30","2025-07-29",""
139,9,9,"INV-2021-04-9-4","2025-07-30","0.00","EUR","PayPal","Failed","2025-07-30","2026-07-29","Bank Rejected"
140,9,9,"INV-2021-05-9-5","2026-07-30","0.00","EUR","Bank Transfer","Paid","2026-07-30","2027-07-29",""
141,10,10,"INV-2021-01-10-1","2023-06-08","99.00","EUR","PayPal","Paid","2023-06-05","2023-07-04",""
142,10,10,"INV-2021-02-10-2","2023-07-09","99.00","EUR","Bank Transfer","Paid","2023-07-05","2023-08-03",""
143,10,10,"INV-2021-03-10-3","2023-08-07","99.00","EUR","PayPal","Paid","2023-08-04","2023-09-02",""
144,10,10,"INV-2021-04-10-4","2023-09-07","99.00","EUR","SEPA Direct Debit","Paid","2023-09-03","2023-10-02",""
145,10,10,"INV-2021-05-10-5","2023-10-03","99.00","EUR","Bank Transfer","Paid","2023-10-03","2023-11-01",""
146,10,10,"INV-2021-06-10-6","2023-11-05","99.00","EUR","Bank Transfer","Paid","2023-11-02","2023-12-01",""
147,10,10,"INV-2021-07-10-7","2023-12-04","99.00","EUR","SEPA Direct Debit","Paid","2023-12-02","2023-12-31",""
148,10,10,"INV-2021-08-10-8","2024-01-05","99.00","EUR","Card","Failed","2024-01-01","2024-01-30","Bank Rejected"
149,10,10,"INV-2021-09-10-9","2024-02-03","99.00","EUR","Card","Paid","2024-01-31","2024-02-29",""
150,10,10,"INV-2021-10-10-10","2024-03-04","99.00","EUR","Bank Transfer","Paid","2024-03-01","2024-03-30",""
151,10,10,"INV-2021-11-10-11","2024-04-05","99.00","EUR","Card","Paid","2024-03-31","2024-04-29",""
152,10,10,"INV-2021-12-10-12","2024-04-30","99.00","EUR","Bank Transfer","Paid","2024-04-30","2024-05-29",""
153,10,10,"INV-2022-01-10-13","2024-05-31","99.00","EUR","Bank Transfer","Paid","2024-05-30","2024-06-28",""
154,10,10,"INV-2022-02-10-14","2024-06-29","99.00","EUR","Bank Transfer","Paid","2024-06-29","2024-07-28",""
155,10,10,"INV-2022-03-10-15","2024-08-02","99.00","EUR","Bank Transfer","Paid","2024-07-29","2024-08-27",""
156,10,10,"INV-2022-04-10-16","2024-08-30","99.00","EUR","Card","Paid","2024-08-28","2024-09-26",""
157,10,10,"INV-2022-05-10-17","2024-09-29","99.00","EUR","Bank Transfer","Paid","2024-09-27","2024-10-26",""
158,10,10,"INV-2022-06-10-18","2024-10-28","99.00","EUR","Bank Transfer","Paid","2024-10-27","2024-11-25",""
159,10,10,"INV-2022-07-10-19","2024-11-26","99.00","EUR","Card","Paid","2024-11-26","2024-12-25",""
160,10,10,"INV-2022-08-10-20","2024-12-27","99.00","EUR","Bank Transfer","Paid","2024-12-26","2025-01-24",""
161,10,10,"INV-2022-09-10-21","2025-01-29","99.00","EUR","Bank Transfer","Paid","2025-01-25","2025-02-23",""
162,10,10,"INV-2022-10-10-22","2025-02-26","99.00","EUR","PayPal","Paid","2025-02-24","2025-03-25",""
163,10,10,"INV-2022-11-10-23","2025-03-30","99.00","EUR","Card","Paid","2025-03-26","2025-04-24",""
164,10,10,"INV-2022-12-10-24","2025-04-28","99.00","EUR","SEPA Direct Debit","Pending","2025-04-25","2025-05-24",""
165,11,11,"INV-2021-01-11-1","2022-08-11","0.00","EUR","PayPal","Paid","2022-08-07","2022-09-05",""
166,11,11,"INV-2021-02-11-2","2022-09-10","0.00","EUR","Card","Paid","2022-09-06","2022-10-05",""
167,11,11,"INV-2021-03-11-3","2022-10-11","0.00","EUR","SEPA Direct Debit","Paid","2022-10-06","2022-11-04",""
168,11,11,"INV-2021-04-11-4","2022-11-08","0.00","EUR","Card","Paid","2022-11-05","2022-12-04",""
169,11,11,"INV-2021-05-11-5","2022-12-05","0.00","EUR","PayPal","Refunded","2022-12-05","2023-01-03","Customer Requested Refund"
170,11,11,"INV-2021-06-11-6","2023-01-07","0.00","EUR","PayPal","Paid","2023-01-04","2023-02-02",""
171,11,11,"INV-2021-07-11-7","2023-02-08","0.00","EUR","Card","Failed","2023-02-03","2023-03-04","Insufficient Funds"
172,11,11,"INV-2021-08-11-8","2023-03-07","0.00","EUR","Card","Paid","2023-03-05","2023-04-03",""
173,11,11,"INV-2021-09-11-9","2023-04-05","0.00","EUR","SEPA Direct Debit","Paid","2023-04-04","2023-05-03",""
174,11,11,"INV-2021-10-11-10","2023-05-07","0.00","EUR","SEPA Direct Debit","Refunded","2023-05-04","2023-06-02","Customer Requested Refund"
175,11,11,"INV-2021-11-11-11","2023-06-06","0.00","EUR","PayPal","Paid","2023-06-03","2023-07-02",""
176,11,11,"INV-2021-12-11-12","2023-07-03","0.00","EUR","Card","Paid","2023-07-03","2023-08-01",""
177,11,11,"INV-2022-01-11-13","2023-08-07","0.00","EUR","Bank Transfer","Paid","2023-08-02","2023-08-31",""
178,11,11,"INV-2022-02-11-14","2023-09-04","0.00","EUR","Bank Transfer","Paid","2023-09-01","2023-09-30",""
179,11,11,"INV-2022-03-11-15","2023-10-04","0.00","EUR","PayPal","Paid","2023-10-01","2023-10-30",""
180,11,11,"INV-2022-04-11-16","2023-11-03","0.00","EUR","Card","Paid","2023-10-31","2023-11-29",""
181,11,11,"INV-2022-05-11-17","2023-12-02","0.00","EUR","SEPA Direct Debit","Paid","2023-11-30","2023-12-29",""
182,11,11,"INV-2022-06-11-18","2024-01-01","0.00","EUR","PayPal","Pending","2023-12-30","2024-01-28",""
183,11,11,"INV-2022-07-11-19","2024-01-29","0.00","EUR","Card","Paid","2024-01-29","2024-02-27",""
184,11,11,"INV-2022-08-11-20","2024-02-28","0.00","EUR","SEPA Direct Debit","Paid","2024-02-28","2024-03-28",""
185,11,11,"INV-2022-09-11-21","2024-03-30","0.00","EUR","SEPA Direct Debit","Paid","2024-03-29","2024-04-27",""
186,11,11,"INV-2022-10-11-22","2024-05-03","0.00","EUR","SEPA Direct Debit","Paid","2024-04-28","2024-05-27",""
187,11,11,"INV-2022-11-11-23","2024-06-02","0.00","EUR","Card","Failed","2024-05-28","2024-06-26","Network Error"
188,11,11,"INV-2022-12-11-24","2024-06-29","0.00","EUR","SEPA Direct Debit","Paid","2024-06-27","2024-07-26",""
189,12,12,"INV-2021-01-12-1","2023-01-23","299.00","EUR","Bank Transfer","Paid","2023-01-23","2023-02-21",""
190,12,12,"INV-2021-02-12-2","2023-02-23","299.00","EUR","Bank Transfer","Paid","2023-02-22","2023-03-23",""
191,12,12,"INV-2021-03-12-3","2023-03-24","299.00","EUR","SEPA Direct Debit","Paid","2023-03-24","2023-04-22",""
192,12,12,"INV-2021-04-12-4","2023-04-23","299.00","EUR","Bank Transfer","Paid","2023-04-23","2023-05-22",""
193,12,12,"INV-2021-05-12-5","2023-05-26","299.00","EUR","Card","Paid","2023-05-23","2023-06-21",""
194,12,12,"INV-2021-06-12-6","2023-06-26","299.00","EUR","Card","Failed","2023-06-22","2023-07-21","Bank Rejected"
195,12,12,"INV-2021-07-12-7","2023-07-23","299.00","EUR","SEPA Direct Debit","Paid","2023-07-22","2023-08-20",""
196,12,12,"INV-2021-08-12-8","2023-08-23","299.00","EUR","Bank Transfer","Paid","2023-08-21","2023-09-19",""
197,12,12,"INV-2021-09-12-9","2023-09-21","299.00","EUR","PayPal","Paid","2023-09-20","2023-10-19",""
198,12,12,"INV-2021-10-12-10","2023-10-20","299.00","EUR","Card","Paid","2023-10-20","2023-11-18",""
199,12,12,"INV-2021-11-12-11","2023-11-19","299.00","EUR","Bank Transfer","Paid","2023-11-19","2023-12-18",""
200,12,12,"INV-2021-12-12-12","2023-12-22","299.00","EUR","SEPA Direct Debit","Paid","2023-12-19","2024-01-17",""
201,12,12,"INV-2022-01-12-13","2024-01-19","299.00","EUR","SEPA Direct Debit","Paid","2024-01-18","2024-02-16",""
202,12,12,"INV-2022-02-12-14","2024-02-21","299.00","EUR","Card","Paid","2024-02-17","2024-03-17",""
203,12,12,"INV-2022-03-12-15","2024-03-19","299.00","EUR","Card","Paid","2024-03-18","2024-04-16",""
204,12,12,"INV-2022-04-12-16","2024-04-22","299.00","EUR","PayPal","Paid","2024-04-17","2024-05-16",""
205,12,12,"INV-2022-05-12-17","2024-05-22","299.00","EUR","PayPal","Paid","2024-05-17","2024-06-15",""
206,12,12,"INV-2022-06-12-18","2024-06-19","299.00","EUR","Card","Paid","2024-06-16","2024-07-15",""
207,12,12,"INV-2022-07-12-19","2024-07-18","299.00","EUR","SEPA Direct Debit","Paid","2024-07-16","2024-08-14",""
208,12,12,"INV-2022-08-12-20","2024-08-20","299.00","EUR","PayPal","Paid","2024-08-15","2024-09-13",""
209,12,12,"INV-2022-09-12-21","2024-09-18","299.00","EUR","Card","Paid","2024-09-14","2024-10-13",""
210,12,12,"INV-2022-10-12-22","2024-10-15","299.00","EUR","Card","Paid","2024-10-14","2024-11-12",""
211,12,12,"INV-2022-11-12-23","2024-11-13","299.00","EUR","Bank Transfer","Paid","2024-11-13","2024-12-12",""
212,12,12,"INV-2022-12-12-24","2024-12-14","299.00","EUR","SEPA Direct Debit","Paid","2024-12-13","2025-01-11",""
213,13,13,"INV-2021-01-13-1","2023-04-02","299.00","EUR","PayPal","Paid","2023-03-31","2023-04-29",""
214,13,13,"INV-2021-02-13-2","2023-05-05","299.00","EUR","Bank Transfer","Paid","2023-04-30","2023-05-29",""
215,13,13,"INV-2021-03-13-3","2023-06-02","299.00","EUR","Bank Transfer","Paid","2023-05-30","2023-06-28",""
216,13,13,"INV-2021-04-13-4","2023-07-03","299.00","EUR","SEPA Direct Debit","Paid","2023-06-29","2023-07-28",""
217,13,13,"INV-2021-05-13-5","2023-07-29","299.00","EUR","Card","Paid","2023-07-29","2023-08-27",""
218,13,13,"INV-2021-06-13-6","2023-08-31","299.00","EUR","Card","Paid","2023-08-28","2023-09-26",""
219,13,13,"INV-2021-07-13-7","2023-09-29","299.00","EUR","PayPal","Paid","2023-09-27","2023-10-26",""
220,13,13,"INV-2021-08-13-8","2023-11-01","299.00","EUR","SEPA Direct Debit","Paid","2023-10-27","2023-11-25",""
221,13,13,"INV-2021-09-13-9","2023-11-26","299.00","EUR","SEPA Direct Debit","Paid","2023-11-26","2023-12-25",""
222,13,13,"INV-2021-10-13-10","2023-12-27","299.00","EUR","PayPal","Paid","2023-12-26","2024-01-24",""
223,13,13,"INV-2021-11-13-11","2024-01-30","299.00","EUR","PayPal","Failed","2024-01-25","2024-02-23","Insufficient Funds"
224,13,13,"INV-2021-12-13-12","2024-02-24","299.00","EUR","PayPal","Paid","2024-02-24","2024-03-24",""
225,13,13,"INV-2022-01-13-13","2024-03-29","299.00","EUR","SEPA Direct Debit","Paid","2024-03-25","2024-04-23",""
226,13,13,"INV-2022-02-13-14","2024-04-29","299.00","EUR","SEPA Direct Debit","Paid","2024-04-24","2024-05-23",""
227,13,13,"INV-2022-03-13-15","2024-05-25","299.00","EUR","Card","Paid","2024-05-24","2024-06-22",""
228,13,13,"INV-2022-04-13-16","2024-06-27","299.00","EUR","SEPA Direct Debit","Paid","2024-06-23","2024-07-22",""
229,13,13,"INV-2022-05-13-17","2024-07-25","299.00","EUR","Bank Transfer","Paid","2024-07-23","2024-08-21",""
230,13,13,"INV-2022-06-13-18","2024-08-23","299.00","EUR","SEPA Direct Debit","Paid","2024-08-22","2024-09-20",""
231,13,13,"INV-2022-07-13-19","2024-09-22","299.00","EUR","Bank Transfer","Paid","2024-09-21","2024-10-20",""
232,13,13,"INV-2022-08-13-20","2024-10-26","299.00","EUR","PayPal","Paid","2024-10-21","2024-11-19",""
233,13,13,"INV-2022-09-13-21","2024-11-23","299.00","EUR","PayPal","Paid","2024-11-20","2024-12-19",""
234,13,13,"INV-2022-10-13-22","2024-12-25","299.00","EUR","SEPA Direct Debit","Failed","2024-12-20","2025-01-18","Invalid Account"
235,13,13,"INV-2022-11-13-23","2025-01-24","299.00","EUR","PayPal","Paid","2025-01-19","2025-02-17",""
236,13,13,"INV-2022-12-13-24","2025-02-18","299.00","EUR","SEPA Direct Debit","Paid","2025-02-18","2025-03-19",""
237,14,14,"INV-2021-01-14-1","2021-09-18","15999.96","EUR","SEPA Direct Debit","Paid","2021-09-16","2022-09-15",""
238,14,14,"INV-2021-02-14-2","2022-09-20","15999.96","EUR","PayPal","Paid","2022-09-16","2023-09-15",""
239,14,14,"INV-2021-03-14-3","2023-09-19","15999.96","EUR","SEPA Direct Debit","Paid","2023-09-16","2024-09-14",""
240,14,14,"INV-2021-04-14-4","2024-09-17","15999.96","EUR","Card","Paid","2024-09-15","2025-09-14",""
241,14,14,"INV-2021-05-14-5","2025-09-19","15999.96","EUR","PayPal","Paid","2025-09-15","2026-09-14",""
242,15,15,"INV-2021-01-15-1","2023-06-28","999.00","EUR","Card","Paid","2023-06-25","2023-07-24",""
243,15,15,"INV-2021-02-15-2","2023-07-28","999.00","EUR","Bank Transfer","Failed","2023-07-25","2023-08-23","Invalid Account"
244,15,15,"INV-2021-03-15-3","2023-08-26","999.00","EUR","Bank Transfer","Paid","2023-08-24","2023-09-22",""
245,15,15,"INV-2021-04-15-4","2023-09-23","999.00","EUR","SEPA Direct Debit","Paid","2023-09-23","2023-10-22",""
246,15,15,"INV-2021-05-15-5","2023-10-28","999.00","EUR","Bank Transfer","Paid","2023-10-23","2023-11-21",""
247,15,15,"INV-2021-06-15-6","2023-11-22","999.00","EUR","PayPal","Paid","2023-11-22","2023-12-21",""
248,15,15,"INV-2021-07-15-7","2023-12-25","999.00","EUR","Bank Transfer","Paid","2023-12-22","2024-01-20",""
249,15,15,"INV-2021-08-15-8","2024-01-23","999.00","EUR","SEPA Direct Debit","Paid","2024-01-21","2024-02-19",""
250,15,15,"INV-2021-09-15-9","2024-02-23","999.00","EUR","SEPA Direct Debit","Paid","2024-02-20","2024-03-20",""
251,15,15,"INV-2021-10-15-10","2024-03-26","999.00","EUR","SEPA Direct Debit","Paid","2024-03-21","2024-04-19",""
252,15,15,"INV-2021-11-15-11","2024-04-20","999.00","EUR","PayPal","Paid","2024-04-20","2024-05-19",""
253,15,15,"INV-2021-12-15-12","2024-05-22","999.00","EUR","Bank Transfer","Paid","2024-05-20","2024-06-18",""
254,15,15,"INV-2022-01-15-13","2024-06-21","999.00","EUR","Bank Transfer","Paid","2024-06-19","2024-07-18",""
255,15,15,"INV-2022-02-15-14","2024-07-21","999.00","EUR","PayPal","Paid","2024-07-19","2024-08-17",""
256,15,15,"INV-2022-03-15-15","2024-08-19","999.00","EUR","Card","Paid","2024-08-18","2024-09-16",""
257,15,15,"INV-2022-04-15-16","2024-09-19","999.00","EUR","SEPA Direct Debit","Paid","2024-09-17","2024-10-16",""
258,15,15,"INV-2022-05-15-17","2024-10-18","999.00","EUR","Card","Paid","2024-10-17","2024-11-15",""
259,15,15,"INV-2022-06-15-18","2024-11-21","999.00","EUR","SEPA Direct Debit","Paid","2024-11-16","2024-12-15",""
260,15,15,"INV-2022-07-15-19","2024-12-16","999.00","EUR","Bank Transfer","Paid","2024-12-16","2025-01-14",""
261,15,15,"INV-2022-08-15-20","2025-01-16","999.00","EUR","PayPal","Paid","2025-01-15","2025-02-13",""
262,15,15,"INV-2022-09-15-21","2025-02-15","999.00","EUR","Bank Transfer","Paid","2025-02-14","2025-03-15",""
263,15,15,"INV-2022-10-15-22","2025-03-17","999.00","EUR","Card","Paid","2025-03-16","2025-04-14",""
264,15,15,"INV-2022-11-15-23","2025-04-19","999.00","EUR","Card","Paid","2025-04-15","2025-05-14",""
265,15,15,"INV-2022-12-15-24","2025-05-20","999.00","EUR","Bank Transfer","Paid","2025-05-15","2025-06-13",""
266,16,16,"INV-2021-01-16-1","2021-09-07","299.00","EUR","Bank Transfer","Paid","2021-09-03","2021-10-02",""
267,16,16,"INV-2021-02-16-2","2021-10-04","299.00","EUR","Bank Transfer","Paid","2021-10-03","2021-11-01",""
268,16,16,"INV-2021-03-16-3","2021-11-07","299.00","EUR","PayPal","Paid","2021-11-02","2021-12-01",""
269,16,16,"INV-2021-04-16-4","2021-12-04","299.00","EUR","Bank Transfer","Paid","2021-12-02","2021-12-31",""
270,16,16,"INV-2021-05-16-5","2022-01-04","299.00","EUR","PayPal","Paid","2022-01-01","2022-01-30",""
271,16,16,"INV-2021-06-16-6","2022-02-01","299.00","EUR","SEPA Direct Debit","Paid","2022-01-31","2022-03-01",""
272,16,16,"INV-2021-07-16-7","2022-03-05","299.00","EUR","SEPA Direct Debit","Failed","2022-03-02","2022-03-31","Card Expired"
273,16,16,"INV-2021-08-16-8","2022-04-06","299.00","EUR","PayPal","Failed","2022-04-01","2022-04-30","Network Error"
274,16,16,"INV-2021-09-16-9","2022-05-03","299.00","EUR","PayPal","Paid","2022-05-01","2022-05-30",""
275,16,16,"INV-2021-10-16-10","2022-06-01","299.00","EUR","Bank Transfer","Paid","2022-05-31","2022-06-29",""
276,16,16,"INV-2021-11-16-11","2022-07-02","299.00","EUR","PayPal","Paid","2022-06-30","2022-07-29",""
277,16,16,"INV-2021-12-16-12","2022-08-01","299.00","EUR","Card","Paid","2022-07-30","2022-08-28",""
278,16,16,"INV-2022-01-16-13","2022-09-03","299.00","EUR","Card","Paid","2022-08-29","2022-09-27",""
279,16,16,"INV-2022-02-16-14","2022-09-30","299.00","EUR","Bank Transfer","Paid","2022-09-28","2022-10-27",""
280,16,16,"INV-2022-03-16-15","2022-10-30","299.00","EUR","Bank Transfer","Paid","2022-10-28","2022-11-26",""
281,16,16,"INV-2022-04-16-16","2022-11-30","299.00","EUR","Bank Transfer","Paid","2022-11-27","2022-12-26",""
282,16,16,"INV-2022-05-16-17","2022-12-30","299.00","EUR","PayPal","Failed","2022-12-27","2023-01-25","Insufficient Funds"
283,16,16,"INV-2022-06-16-18","2023-01-26","299.00","EUR","SEPA Direct Debit","Paid","2023-01-26","2023-02-24",""
284,16,16,"INV-2022-07-16-19","2023-02-26","299.00","EUR","Card","Paid","2023-02-25","2023-03-26",""
285,16,16,"INV-2022-08-16-20","2023-03-29","299.00","EUR","SEPA Direct Debit","Paid","2023-03-27","2023-04-25",""
286,16,16,"INV-2022-09-16-21","2023-04-26","299.00","EUR","SEPA Direct Debit","Paid","2023-04-26","2023-05-25",""
287,16,16,"INV-2022-10-16-22","2023-05-27","299.00","EUR","SEPA Direct Debit","Paid","2023-05-26","2023-06-24",""
288,16,16,"INV-2022-11-16-23","2023-06-28","299.00","EUR","Bank Transfer","Paid","2023-06-25","2023-07-24",""
289,16,16,"INV-2022-12-16-24","2023-07-30","299.00","EUR","Card","Paid","2023-07-25","2023-08-23",""
290,17,17,"INV-2021-01-17-1","2021-02-27","0.00","EUR","Bank Transfer","Paid","2021-02-27","2022-02-26",""
291,17,17,"INV-2021-02-17-2","2022-02-28","0.00","EUR","PayPal","Paid","2022-02-27","2023-02-26",""
292,17,17,"INV-2021-03-17-3","2023-02-27","0.00","EUR","Bank Transfer","Paid","2023-02-27","2024-02-26",""
293,17,17,"INV-2021-04-17-4","2024-02-29","0.00","EUR","Bank Transfer","Paid","2024-02-27","2025-02-25",""
294,17,17,"INV-2021-05-17-5","2025-03-01","0.00","EUR","PayPal","Paid","2025-02-26","2026-02-25",""
295,17,17,"INV-2021-06-17-6","2026-02-26","0.00","EUR","PayPal","Paid","2026-02-26","2027-02-25",""
296,18,18,"INV-2021-01-18-1","2022-09-10","2990.04","EUR","Bank Transfer","Paid","2022-09-06","2023-09-05",""
297,18,18,"INV-2021-02-18-2","2023-09-11","2990.04","EUR","PayPal","Paid","2023-09-06","2024-09-04",""
298,18,18,"INV-2021-03-18-3","2024-09-05","2990.04","EUR","Bank Transfer","Paid","2024-09-05","2025-09-04",""
299,18,18,"INV-2021-04-18-4","2025-09-09","2990.04","EUR","Card","Paid","2025-09-05","2026-09-04",""
300,19,19,"INV-2021-01-19-1","2022-05-27","1600.00","EUR","Card","Pending","2022-05-23","2022-06-21",""
301,19,19,"INV-2021-02-19-2","2022-06-26","1600.00","EUR","Card","Paid","2022-06-22","2022-07-21",""
302,19,19,"INV-2021-03-19-3","2022-07-25","1600.00","EUR","Card","Paid","2022-07-22","2022-08-20",""
303,19,19,"INV-2021-04-19-4","2022-08-26","1600.00","EUR","SEPA Direct Debit","Paid","2022-08-21","2022-09-19",""
304,19,19,"INV-2021-05-19-5","2022-09-22","1600.00","EUR","SEPA Direct Debit","Paid","2022-09-20","2022-10-19",""
305,19,19,"INV-2021-06-19-6","2022-10-20","1600.00","EUR","Card","Paid","2022-10-20","2022-11-18",""
306,19,19,"INV-2021-07-19-7","2022-11-23","1600.00","EUR","SEPA Direct Debit","Paid","2022-11-19","2022-12-18",""
307,19,19,"INV-2021-08-19-8","2022-12-20","1600.00","EUR","SEPA Direct Debit","Paid","2022-12-19","2023-01-17",""
308,19,19,"INV-2021-09-19-9","2023-01-23","1600.00","EUR","PayPal","Paid","2023-01-18","2023-02-16",""
309,19,19,"INV-2021-10-19-10","2023-02-22","1600.00","EUR","Bank Transfer","Paid","2023-02-17","2023-03-18",""
310,19,19,"INV-2021-11-19-11","2023-03-20","1600.00","EUR","PayPal","Paid","2023-03-19","2023-04-17",""
311,19,19,"INV-2021-12-19-12","2023-04-18","1600.00","EUR","Card","Paid","2023-04-18","2023-05-17",""
312,19,19,"INV-2022-01-19-13","2023-05-19","1600.00","EUR","SEPA Direct Debit","Failed","2023-05-18","2023-06-16","Bank Rejected"
313,19,19,"INV-2022-02-19-14","2023-06-21","1600.00","EUR","PayPal","Paid","2023-06-17","2023-07-16",""
314,19,19,"INV-2022-03-19-15","2023-07-19","1600.00","EUR","Bank Transfer","Paid","2023-07-17","2023-08-15",""
315,19,19,"INV-2022-04-19-16","2023-08-18","1600.00","EUR","Card","Paid","2023-08-16","2023-09-14",""
316,19,19,"INV-2022-05-19-17","2023-09-20","1600.00","EUR","Card","Paid","2023-09-15","2023-10-14",""
317,19,19,"INV-2022-06-19-18","2023-10-17","1600.00","EUR","PayPal","Paid","2023-10-15","2023-11-13",""
318,19,19,"INV-2022-07-19-19","2023-11-19","1600.00","EUR","PayPal","Paid","2023-11-14","2023-12-13",""
319,19,19,"INV-2022-08-19-20","2023-12-16","1600.00","EUR","PayPal","Pending","2023-12-14","2024-01-12",""
320,19,19,"INV-2022-09-19-21","2024-01-18","1600.00","EUR","SEPA Direct Debit","Paid","2024-01-13","2024-02-11",""
321,19,19,"INV-2022-10-19-22","2024-02-12","1600.00","EUR","Card","Paid","2024-02-12","2024-03-12",""
322,19,19,"INV-2022-11-19-23","2024-03-16","1600.00","EUR","Bank Transfer","Paid","2024-03-13","2024-04-11",""
323,19,19,"INV-2022-12-19-24","2024-04-16","1600.00","EUR","Card","Paid","2024-04-12","2024-05-11",""
324,20,20,"INV-2021-01-20-1","2021-08-10","99.00","EUR","SEPA Direct Debit","Paid","2021-08-10","2021-09-08",""
325,20,20,"INV-2021-02-20-2","2021-09-11","99.00","EUR","PayPal","Paid","2021-09-09","2021-10-08",""
326,20,20,"INV-2021-03-20-3","2021-10-10","99.00","EUR","SEPA Direct Debit","Paid","2021-10-09","2021-11-07",""
327,20,20,"INV-2021-04-20-4","2021-11-11","99.00","EUR","SEPA Direct Debit","Paid","2021-11-08","2021-12-07",""
328,20,20,"INV-2021-05-20-5","2021-12-12","99.00","EUR","SEPA Direct Debit","Refunded","2021-12-08","2022-01-06","Customer Requested Refund"
329,20,20,"INV-2021-06-20-6","2022-01-12","99.00","EUR","Card","Refunded","2022-01-07","2022-02-05","Customer Requested Refund"
330,20,20,"INV-2021-07-20-7","2022-02-06","99.00","EUR","PayPal","Paid","2022-02-06","2022-03-07",""
331,20,20,"INV-2021-08-20-8","2022-03-10","99.00","EUR","Bank Transfer","Paid","2022-03-08","2022-04-06",""
332,20,20,"INV-2021-09-20-9","2022-04-07","99.00","EUR","PayPal","Paid","2022-04-07","2022-05-06",""
333,20,20,"INV-2021-10-20-10","2022-05-07","99.00","EUR","Bank Transfer","Paid","2022-05-07","2022-06-05",""
334,20,20,"INV-2021-11-20-11","2022-06-11","99.00","EUR","PayPal","Paid","2022-06-06","2022-07-05",""
335,20,20,"INV-2021-12-20-12","2022-07-10","99.00","EUR","Bank Transfer","Paid","2022-07-06","2022-08-04",""
336,20,20,"INV-2022-01-20-13","2022-08-10","99.00","EUR","SEPA Direct Debit","Paid","2022-08-05","2022-09-03",""
337,20,20,"INV-2022-02-20-14","2022-09-06","99.00","EUR","Card","Paid","2022-09-04","2022-10-03",""
338,20,20,"INV-2022-03-20-15","2022-10-08","99.00","EUR","SEPA Direct Debit","Paid","2022-10-04","2022-11-02",""
339,20,20,"INV-2022-04-20-16","2022-11-06","99.00","EUR","SEPA Direct Debit","Paid","2022-11-03","2022-12-02",""
340,20,20,"INV-2022-05-20-17","2022-12-04","99.00","EUR","Card","Pending","2022-12-03","2023-01-01",""
341,20,20,"INV-2022-06-20-18","2023-01-07","99.00","EUR","PayPal","Paid","2023-01-02","2023-01-31",""
342,20,20,"INV-2022-07-20-19","2023-02-05","99.00","EUR","SEPA Direct Debit","Paid","2023-02-01","2023-03-02",""
343,20,20,"INV-2022-08-20-20","2023-03-08","99.00","EUR","SEPA Direct Debit","Paid","2023-03-03","2023-04-01",""
344,20,20,"INV-2022-09-20-21","2023-04-07","99.00","EUR","Bank Transfer","Failed","2023-04-02","2023-05-01","Network Error"
345,20,20,"INV-2022-10-20-22","2023-05-02","99.00","EUR","Card","Paid","2023-05-02","2023-05-31",""
346,20,20,"INV-2022-11-20-23","2023-06-04","99.00","EUR","PayPal","Paid","2023-06-01","2023-06-30",""
347,20,20,"INV-2022-12-20-24","2023-07-01","99.00","EUR","SEPA Direct Debit","Paid","2023-07-01","2023-07-30",""
348,21,21,"INV-2021-01-21-1","2023-06-13","269.10","EUR","Card","Paid","2023-06-08","2023-07-07",""
349,21,21,"INV-2021-02-21-2","2023-07-12","269.10","EUR","SEPA Direct Debit","Paid","2023-07-08","2023-08-06",""
350,21,21,"INV-2021-03-21-3","2023-08-08","269.10","EUR","Bank Transfer","Paid","2023-08-07","2023-09-05",""
351,21,21,"INV-2021-04-21-4","2023-09-08","269.10","EUR","Card","Paid","2023-09-06","2023-10-05",""
352,21,21,"INV-2021-05-21-5","2023-10-07","269.10","EUR","Bank Transfer","Paid","2023-10-06","2023-11-04",""
353,21,21,"INV-2021-06-21-6","2023-11-08","269.10","EUR","SEPA Direct Debit","Paid","2023-11-05","2023-12-04",""
354,21,21,"INV-2021-07-21-7","2023-12-08","269.10","EUR","Bank Transfer","Paid","2023-12-05","2024-01-03",""
355,21,21,"INV-2021-08-21-8","2024-01-08","269.10","EUR","SEPA Direct Debit","Failed","2024-01-04","2024-02-02","Insufficient Funds"
356,21,21,"INV-2021-09-21-9","2024-02-06","269.10","EUR","PayPal","Refunded","2024-02-03","2024-03-03","Customer Requested Refund"
357,21,21,"INV-2021-10-21-10","2024-03-08","269.10","EUR","PayPal","Paid","2024-03-04","2024-04-02",""
358,21,21,"INV-2021-11-21-11","2024-04-07","269.10","EUR","SEPA Direct Debit","Paid","2024-04-03","2024-05-02",""
359,21,21,"INV-2021-12-21-12","2024-05-08","269.10","EUR","PayPal","Paid","2024-05-03","2024-06-01",""
360,21,21,"INV-2022-01-21-13","2024-06-07","269.10","EUR","Bank Transfer","Paid","2024-06-02","2024-07-01",""
361,21,21,"INV-2022-02-21-14","2024-07-06","269.10","EUR","Bank Transfer","Paid","2024-07-02","2024-07-31",""
362,21,21,"INV-2022-03-21-15","2024-08-02","269.10","EUR","Card","Paid","2024-08-01","2024-08-30",""
363,21,21,"INV-2022-04-21-16","2024-08-31","269.10","EUR","SEPA Direct Debit","Paid","2024-08-31","2024-09-29",""
364,21,21,"INV-2022-05-21-17","2024-10-01","269.10","EUR","Bank Transfer","Paid","2024-09-30","2024-10-29",""
365,21,21,"INV-2022-06-21-18","2024-11-01","269.10","EUR","SEPA Direct Debit","Failed","2024-10-30","2024-11-28","Invalid Account"
366,21,21,"INV-2022-07-21-19","2024-11-29","269.10","EUR","SEPA Direct Debit","Paid","2024-11-29","2024-12-28",""
367,21,21,"INV-2022-08-21-20","2024-12-30","269.10","EUR","Card","Paid","2024-12-29","2025-01-27",""
368,21,21,"INV-2022-09-21-21","2025-02-01","269.10","EUR","Bank Transfer","Paid","2025-01-28","2025-02-26",""
369,21,21,"INV-2022-10-21-22","2025-02-28","269.10","EUR","SEPA Direct Debit","Paid","2025-02-27","2025-03-28",""
370,21,21,"INV-2022-11-21-23","2025-04-02","269.10","EUR","Card","Paid","2025-03-29","2025-04-27",""
371,21,21,"INV-2022-12-21-24","2025-04-28","269.10","EUR","SEPA Direct Debit","Paid","2025-04-28","2025-05-27",""
372,22,22,"INV-2021-01-22-1","2023-06-18","0.00","EUR","PayPal","Paid","2023-06-13","2024-06-11",""
373,22,22,"INV-2021-02-22-2","2024-06-16","0.00","EUR","PayPal","Paid","2024-06-12","2025-06-11",""
374,22,22,"INV-2021-03-22-3","2025-06-17","0.00","EUR","SEPA Direct Debit","Paid","2025-06-12","2026-06-11",""
375,22,22,"INV-2021-04-22-4","2026-06-15","0.00","EUR","PayPal","Paid","2026-06-12","2027-06-11",""
376,23,23,"INV-2021-01-23-1","2022-12-17","599.00","EUR","Card","Paid","2022-12-15","2023-01-13",""
377,23,23,"INV-2021-02-23-2","2023-01-15","599.00","EUR","PayPal","Paid","2023-01-14","2023-02-12",""
378,23,23,"INV-2021-03-23-3","2023-02-16","599.00","EUR","Bank Transfer","Paid","2023-02-13","2023-03-14",""
379,23,23,"INV-2021-04-23-4","2023-03-17","599.00","EUR","SEPA Direct Debit","Paid","2023-03-15","2023-04-13",""
380,23,23,"INV-2021-05-23-5","2023-04-19","599.00","EUR","SEPA Direct Debit","Refunded","2023-04-14","2023-05-13","Customer Requested Refund"
381,23,23,"INV-2021-06-23-6","2023-05-17","599.00","EUR","SEPA Direct Debit","Paid","2023-05-14","2023-06-12",""
382,23,23,"INV-2021-07-23-7","2023-06-17","599.00","EUR","SEPA Direct Debit","Paid","2023-06-13","2023-07-12",""
383,23,23,"INV-2021-08-23-8","2023-07-14","599.00","EUR","SEPA Direct Debit","Paid","2023-07-13","2023-08-11",""
384,23,23,"INV-2021-09-23-9","2023-08-15","599.00","EUR","Card","Paid","2023-08-12","2023-09-10",""
385,23,23,"INV-2021-10-23-10","2023-09-11","599.00","EUR","PayPal","Paid","2023-09-11","2023-10-10",""
386,23,23,"INV-2021-11-23-11","2023-10-15","599.00","EUR","Bank Transfer","Paid","2023-10-11","2023-11-09",""
387,23,23,"INV-2021-12-23-12","2023-11-12","599.00","EUR","Bank Transfer","Failed","2023-11-10","2023-12-09","Bank Rejected"
388,23,23,"INV-2022-01-23-13","2023-12-11","599.00","EUR","PayPal","Paid","2023-12-10","2024-01-08",""
389,23,23,"INV-2022-02-23-14","2024-01-12","599.00","EUR","PayPal","Paid","2024-01-09","2024-02-07",""
390,23,23,"INV-2022-03-23-15","2024-02-08","599.00","EUR","PayPal","Paid","2024-02-08","2024-03-08",""
391,23,23,"INV-2022-04-23-16","2024-03-13","599.00","EUR","Bank Transfer","Paid","2024-03-09","2024-04-07",""
392,23,23,"INV-2022-05-23-17","2024-04-09","599.00","EUR","Card","Paid","2024-04-08","2024-05-07",""
393,23,23,"INV-2022-06-23-18","2024-05-08","599.00","EUR","PayPal","Paid","2024-05-08","2024-06-06",""
394,23,23,"INV-2022-07-23-19","2024-06-09","599.00","EUR","Card","Paid","2024-06-07","2024-07-06",""
395,23,23,"INV-2022-08-23-20","2024-07-10","599.00","EUR","SEPA Direct Debit","Paid","2024-07-07","2024-08-05",""
396,23,23,"INV-2022-09-23-21","2024-08-11","599.00","EUR","PayPal","Paid","2024-08-06","2024-09-04",""
397,23,23,"INV-2022-10-23-22","2024-09-07","599.00","EUR","Card","Paid","2024-09-05","2024-10-04",""
398,23,23,"INV-2022-11-23-23","2024-10-09","599.00","EUR","SEPA Direct Debit","Paid","2024-10-05","2024-11-03",""
399,23,23,"INV-2022-12-23-24","2024-11-08","599.00","EUR","PayPal","Paid","2024-11-04","2024-12-03",""
400,24,24,"INV-2021-01-24-1","2022-05-28","1600.00","EUR","SEPA Direct Debit","Paid","2022-05-24","2022-06-22",""
401,24,24,"INV-2021-02-24-2","2022-06-27","1600.00","EUR","Card","Paid","2022-06-23","2022-07-22",""
402,24,24,"INV-2021-03-24-3","2022-07-24","1600.00","EUR","PayPal","Pending","2022-07-23","2022-08-21",""
403,24,24,"INV-2021-04-24-4","2022-08-24","1600.00","EUR","SEPA Direct Debit","Paid","2022-08-22","2022-09-20",""
404,24,24,"INV-2021-05-24-5","2022-09-25","1600.00","EUR","Bank Transfer","Failed","2022-09-21","2022-10-20","Card Expired"
405,24,24,"INV-2021-06-24-6","2022-10-25","1600.00","EUR","Card","Paid","2022-10-21","2022-11-19",""
406,24,24,"INV-2021-07-24-7","2022-11-20","1600.00","EUR","SEPA Direct Debit","Paid","2022-11-20","2022-12-19",""
407,24,24,"INV-2021-08-24-8","2022-12-23","1600.00","EUR","Bank Transfer","Paid","2022-12-20","2023-01-18",""
408,24,24,"INV-2021-09-24-9","2023-01-23","1600.00","EUR","SEPA Direct Debit","Failed","2023-01-19","2023-02-17","Card Expired"
409,24,24,"INV-2021-10-24-10","2023-02-22","1600.00","EUR","PayPal","Paid","2023-02-18","2023-03-19",""
410,24,24,"INV-2021-11-24-11","2023-03-24","1600.00","EUR","SEPA Direct Debit","Paid","2023-03-20","2023-04-18",""
411,24,24,"INV-2021-12-24-12","2023-04-23","1600.00","EUR","PayPal","Paid","2023-04-19","2023-05-18",""
412,24,24,"INV-2022-01-24-13","2023-05-24","1600.00","EUR","PayPal","Paid","2023-05-19","2023-06-17",""
413,24,24,"INV-2022-02-24-14","2023-06-18","1600.00","EUR","Card","Paid","2023-06-18","2023-07-17",""
414,24,24,"INV-2022-03-24-15","2023-07-21","1600.00","EUR","Card","Paid","2023-07-18","2023-08-16",""
415,24,24,"INV-2022-04-24-16","2023-08-21","1600.00","EUR","Bank Transfer","Paid","2023-08-17","2023-09-15",""
416,24,24,"INV-2022-05-24-17","2023-09-21","1600.00","EUR","PayPal","Paid","2023-09-16","2023-10-15",""
417,24,24,"INV-2022-06-24-18","2023-10-17","1600.00","EUR","PayPal","Paid","2023-10-16","2023-11-14",""
418,24,24,"INV-2022-07-24-19","2023-11-16","1600.00","EUR","Bank Transfer","Paid","2023-11-15","2023-12-14",""
419,24,24,"INV-2022-08-24-20","2023-12-15","1600.00","EUR","Card","Paid","2023-12-15","2024-01-13",""
420,24,24,"INV-2022-09-24-21","2024-01-15","1600.00","EUR","SEPA Direct Debit","Paid","2024-01-14","2024-02-12",""
421,24,24,"INV-2022-10-24-22","2024-02-16","1600.00","EUR","Bank Transfer","Paid","2024-02-13","2024-03-13",""
422,24,24,"INV-2022-11-24-23","2024-03-17","1600.00","EUR","PayPal","Paid","2024-03-14","2024-04-12",""
423,24,24,"INV-2022-12-24-24","2024-04-18","1600.00","EUR","Bank Transfer","Paid","2024-04-13","2024-05-12",""
424,25,25,"INV-2021-01-25-1","2022-08-17","9990.00","EUR","SEPA Direct Debit","Paid","2022-08-13","2023-08-12",""
425,25,25,"INV-2021-02-25-2","2023-08-18","9990.00","EUR","PayPal","Paid","2023-08-13","2024-08-11",""
426,25,25,"INV-2021-03-25-3","2024-08-14","9990.00","EUR","PayPal","Pending","2024-08-12","2025-08-11",""
427,25,25,"INV-2021-04-25-4","2025-08-16","9990.00","EUR","SEPA Direct Debit","Paid","2025-08-12","2026-08-11",""
428,25,25,"INV-2021-05-25-5","2026-08-17","9990.00","EUR","SEPA Direct Debit","Paid","2026-08-12","2027-08-11",""
429,26,26,"INV-2021-01-26-1","2021-08-05","284.05","EUR","Bank Transfer","Paid","2021-08-01","2021-08-30",""
430,26,26,"INV-2021-02-26-2","2021-09-02","284.05","EUR","Bank Transfer","Paid","2021-08-31","2021-09-29",""
431,26,26,"INV-2021-03-26-3","2021-10-02","284.05","EUR","Bank Transfer","Paid","2021-09-30","2021-10-29",""
432,26,26,"INV-2021-04-26-4","2021-11-04","284.05","EUR","SEPA Direct Debit","Paid","2021-10-30","2021-11-28",""
433,26,26,"INV-2021-05-26-5","2021-12-02","284.05","EUR","SEPA Direct Debit","Paid","2021-11-29","2021-12-28",""
434,26,26,"INV-2021-06-26-6","2021-12-31","284.05","EUR","PayPal","Paid","2021-12-29","2022-01-27",""
435,26,26,"INV-2021-07-26-7","2022-01-31","284.05","EUR","Bank Transfer","Paid","2022-01-28","2022-02-26",""
436,26,26,"INV-2021-08-26-8","2022-03-01","284.05","EUR","Card","Paid","2022-02-27","2022-03-28",""
437,26,26,"INV-2021-09-26-9","2022-03-31","284.05","EUR","SEPA Direct Debit","Refunded","2022-03-29","2022-04-27","Customer Requested Refund"
438,27,27,"INV-2021-01-27-1","2021-04-09","599.00","EUR","Bank Transfer","Paid","2021-04-04","2021-05-03",""
439,27,27,"INV-2021-02-27-2","2021-05-08","599.00","EUR","SEPA Direct Debit","Paid","2021-05-04","2021-06-02",""
440,27,27,"INV-2021-03-27-3","2021-06-04","599.00","EUR","Bank Transfer","Paid","2021-06-03","2021-07-02",""
441,27,27,"INV-2021-04-27-4","2021-07-04","599.00","EUR","Bank Transfer","Paid","2021-07-03","2021-08-01",""
442,27,27,"INV-2021-05-27-5","2021-08-07","599.00","EUR","Card","Paid","2021-08-02","2021-08-31",""
443,27,27,"INV-2021-06-27-6","2021-09-04","599.00","EUR","PayPal","Paid","2021-09-01","2021-09-30",""
444,27,27,"INV-2021-07-27-7","2021-10-01","599.00","EUR","Bank Transfer","Paid","2021-10-01","2021-10-30",""
445,27,27,"INV-2021-08-27-8","2021-10-31","599.00","EUR","Bank Transfer","Pending","2021-10-31","2021-11-29",""
446,27,27,"INV-2021-09-27-9","2021-12-03","599.00","EUR","PayPal","Paid","2021-11-30","2021-12-29",""
447,27,27,"INV-2021-10-27-10","2022-01-02","599.00","EUR","SEPA Direct Debit","Paid","2021-12-30","2022-01-28",""
448,27,27,"INV-2021-11-27-11","2022-01-31","599.00","EUR","Card","Paid","2022-01-29","2022-02-27",""
449,27,27,"INV-2021-12-27-12","2022-02-28","599.00","EUR","Bank Transfer","Paid","2022-02-28","2022-03-29",""
450,27,27,"INV-2022-01-27-13","2022-04-03","599.00","EUR","Card","Paid","2022-03-30","2022-04-28",""
451,27,27,"INV-2022-02-27-14","2022-04-30","599.00","EUR","Bank Transfer","Paid","2022-04-29","2022-05-28",""
452,27,27,"INV-2022-03-27-15","2022-05-29","599.00","EUR","PayPal","Refunded","2022-05-29","2022-06-27","Customer Requested Refund"
453,28,28,"INV-2021-01-28-1","2021-03-31","99.00","EUR","Card","Failed","2021-03-30","2021-04-28","Bank Rejected"
454,28,28,"INV-2021-02-28-2","2021-04-29","99.00","EUR","Card","Paid","2021-04-29","2021-05-28",""
455,28,28,"INV-2021-03-28-3","2021-05-31","99.00","EUR","PayPal","Paid","2021-05-29","2021-06-27",""
456,28,28,"INV-2021-04-28-4","2021-06-29","99.00","EUR","PayPal","Paid","2021-06-28","2021-07-27",""
457,28,28,"INV-2021-05-28-5","2021-07-30","99.00","EUR","Card","Paid","2021-07-28","2021-08-26",""
458,28,28,"INV-2021-06-28-6","2021-08-29","99.00","EUR","PayPal","Paid","2021-08-27","2021-09-25",""
459,28,28,"INV-2021-07-28-7","2021-10-01","99.00","EUR","Bank Transfer","Refunded","2021-09-26","2021-10-25","Customer Requested Refund"
460,29,29,"INV-2021-01-29-1","2022-08-03","5990.04","EUR","SEPA Direct Debit","Paid","2022-08-03","2023-08-02",""
461,29,29,"INV-2021-02-29-2","2023-08-07","5990.04","EUR","Bank Transfer","Paid","2023-08-03","2024-08-01",""
462,29,29,"INV-2021-03-29-3","2024-08-03","5990.04","EUR","PayPal","Paid","2024-08-02","2025-08-01",""
463,29,29,"INV-2021-04-29-4","2025-08-05","5990.04","EUR","Card","Paid","2025-08-02","2026-08-01",""
464,29,29,"INV-2021-05-29-5","2026-08-05","5990.04","EUR","Bank Transfer","Paid","2026-08-02","2027-08-01",""
465,30,30,"INV-2021-01-30-1","2022-10-03","990.00","EUR","Bank Transfer","Paid","2022-10-02","2023-10-01",""
466,30,30,"INV-2021-02-30-2","2023-10-02","990.00","EUR","Bank Transfer","Paid","2023-10-02","2024-09-30",""
467,30,30,"INV-2021-03-30-3","2024-10-04","990.00","EUR","SEPA Direct Debit","Paid","2024-10-01","2025-09-30",""
468,30,30,"INV-2021-04-30-4","2025-10-03","990.00","EUR","Card","Paid","2025-10-01","2026-09-30",""
469,31,31,"INV-2021-01-31-1","2022-04-02","299.00","EUR","Bank Transfer","Paid","2022-03-31","2022-04-29",""
470,31,31,"INV-2021-02-31-2","2022-04-30","299.00","EUR","PayPal","Paid","2022-04-30","2022-05-29",""
471,31,31,"INV-2021-03-31-3","2022-06-01","299.00","EUR","SEPA Direct Debit","Paid","2022-05-30","2022-06-28",""
472,31,31,"INV-2021-04-31-4","2022-07-04","299.00","EUR","SEPA Direct Debit","Paid","2022-06-29","2022-07-28",""
473,31,31,"INV-2021-05-31-5","2022-07-31","299.00","EUR","Bank Transfer","Paid","2022-07-29","2022-08-27",""
474,31,31,"INV-2021-06-31-6","2022-08-29","299.00","EUR","PayPal","Paid","2022-08-28","2022-09-26",""
475,31,31,"INV-2021-07-31-7","2022-10-02","299.00","EUR","SEPA Direct Debit","Refunded","2022-09-27","2022-10-26","Customer Requested Refund"
476,31,31,"INV-2021-08-31-8","2022-10-30","299.00","EUR","PayPal","Paid","2022-10-27","2022-11-25",""
477,31,31,"INV-2021-09-31-9","2022-11-30","299.00","EUR","Bank Transfer","Paid","2022-11-26","2022-12-25",""
478,31,31,"INV-2021-10-31-10","2022-12-27","299.00","EUR","Card","Paid","2022-12-26","2023-01-24",""
479,31,31,"INV-2021-11-31-11","2023-01-29","299.00","EUR","SEPA Direct Debit","Paid","2023-01-25","2023-02-23",""
480,31,31,"INV-2021-12-31-12","2023-02-24","299.00","EUR","Card","Failed","2023-02-24","2023-03-25","Insufficient Funds"
481,31,31,"INV-2022-01-31-13","2023-03-30","299.00","EUR","Bank Transfer","Failed","2023-03-26","2023-04-24","Card Expired"
482,31,31,"INV-2022-02-31-14","2023-04-26","299.00","EUR","PayPal","Paid","2023-04-25","2023-05-24",""
483,31,31,"INV-2022-03-31-15","2023-05-25","299.00","EUR","PayPal","Paid","2023-05-25","2023-06-23",""
484,31,31,"INV-2022-04-31-16","2023-06-24","299.00","EUR","Card","Failed","2023-06-24","2023-07-23","Network Error"
485,31,31,"INV-2022-05-31-17","2023-07-27","299.00","EUR","PayPal","Paid","2023-07-24","2023-08-22",""
486,31,31,"INV-2022-06-31-18","2023-08-26","299.00","EUR","PayPal","Paid","2023-08-23","2023-09-21",""
487,31,31,"INV-2022-07-31-19","2023-09-27","299.00","EUR","Card","Paid","2023-09-22","2023-10-21",""
488,31,31,"INV-2022-08-31-20","2023-10-25","299.00","EUR","Card","Paid","2023-10-22","2023-11-20",""
489,31,31,"INV-2022-09-31-21","2023-11-26","299.00","EUR","Card","Paid","2023-11-21","2023-12-20",""
490,31,31,"INV-2022-10-31-22","2023-12-21","299.00","EUR","Card","Paid","2023-12-21","2024-01-19",""
491,31,31,"INV-2022-11-31-23","2024-01-24","299.00","EUR","Card","Refunded","2024-01-20","2024-02-18","Customer Requested Refund"
492,31,31,"INV-2022-12-31-24","2024-02-22","299.00","EUR","PayPal","Paid","2024-02-19","2024-03-19",""
493,32,32,"INV-2021-01-32-1","2022-04-02","2990.04","EUR","PayPal","Paid","2022-04-01","2023-03-31",""
494,32,32,"INV-2021-02-32-2","2023-04-03","2990.04","EUR","PayPal","Refunded","2023-04-01","2024-03-30","Customer Requested Refund"
495,32,32,"INV-2021-03-32-3","2024-04-03","2990.04","EUR","PayPal","Paid","2024-03-31","2025-03-30",""
496,32,32,"INV-2021-04-32-4","2025-04-03","2990.04","EUR","Bank Transfer","Paid","2025-03-31","2026-03-30",""
497,32,32,"INV-2021-05-32-5","2026-04-05","2990.04","EUR","Card","Paid","2026-03-31","2027-03-30",""
498,33,33,"INV-2021-01-33-1","2021-03-06","99.00","EUR","PayPal","Refunded","2021-03-05","2021-04-03","Customer Requested Refund"
499,33,33,"INV-2021-02-33-2","2021-04-08","99.00","EUR","Bank Transfer","Paid","2021-04-04","2021-05-03",""
500,33,33,"INV-2021-03-33-3","2021-05-04","99.00","EUR","SEPA Direct Debit","Paid","2021-05-04","2021-06-02",""
501,33,33,"INV-2021-04-33-4","2021-06-06","99.00","EUR","PayPal","Paid","2021-06-03","2021-07-02",""
502,33,33,"INV-2021-05-33-5","2021-07-07","99.00","EUR","Bank Transfer","Paid","2021-07-03","2021-08-01",""
503,33,33,"INV-2021-06-33-6","2021-08-03","99.00","EUR","Bank Transfer","Paid","2021-08-02","2021-08-31",""
504,33,33,"INV-2021-07-33-7","2021-09-03","99.00","EUR","Card","Paid","2021-09-01","2021-09-30",""
505,33,33,"INV-2021-08-33-8","2021-10-01","99.00","EUR","PayPal","Paid","2021-10-01","2021-10-30",""
506,33,33,"INV-2021-09-33-9","2021-11-04","99.00","EUR","Card","Paid","2021-10-31","2021-11-29",""
507,33,33,"INV-2021-10-33-10","2021-12-01","99.00","EUR","Card","Paid","2021-11-30","2021-12-29",""
508,33,33,"INV-2021-11-33-11","2022-01-03","99.00","EUR","Card","Paid","2021-12-30","2022-01-28",""
509,33,33,"INV-2021-12-33-12","2022-01-30","99.00","EUR","PayPal","Paid","2022-01-29","2022-02-27",""
510,33,33,"INV-2022-01-33-13","2022-03-03","99.00","EUR","Bank Transfer","Paid","2022-02-28","2022-03-29",""
511,33,33,"INV-2022-02-33-14","2022-03-30","99.00","EUR","SEPA Direct Debit","Paid","2022-03-30","2022-04-28",""
512,33,33,"INV-2022-03-33-15","2022-04-30","99.00","EUR","SEPA Direct Debit","Paid","2022-04-29","2022-05-28",""
513,33,33,"INV-2022-04-33-16","2022-06-02","99.00","EUR","SEPA Direct Debit","Paid","2022-05-29","2022-06-27",""
514,33,33,"INV-2022-05-33-17","2022-06-29","99.00","EUR","Bank Transfer","Paid","2022-06-28","2022-07-27",""
515,33,33,"INV-2022-06-33-18","2022-08-02","99.00","EUR","PayPal","Paid","2022-07-28","2022-08-26",""
516,33,33,"INV-2022-07-33-19","2022-08-29","99.00","EUR","Bank Transfer","Paid","2022-08-27","2022-09-25",""
517,33,33,"INV-2022-08-33-20","2022-10-01","99.00","EUR","PayPal","Paid","2022-09-26","2022-10-25",""
518,33,33,"INV-2022-09-33-21","2022-10-26","99.00","EUR","PayPal","Pending","2022-10-26","2022-11-24",""
519,33,33,"INV-2022-10-33-22","2022-11-29","99.00","EUR","PayPal","Paid","2022-11-25","2022-12-24",""
520,33,33,"INV-2022-11-33-23","2022-12-28","99.00","EUR","PayPal","Paid","2022-12-25","2023-01-23",""
521,33,33,"INV-2022-12-33-24","2023-01-25","99.00","EUR","PayPal","Paid","2023-01-24","2023-02-22",""
522,34,34,"INV-2021-01-34-1","2023-07-13","479.20","EUR","SEPA Direct Debit","Paid","2023-07-12","2023-08-10",""
523,34,34,"INV-2021-02-34-2","2023-08-16","479.20","EUR","PayPal","Paid","2023-08-11","2023-09-09",""
524,34,34,"INV-2021-03-34-3","2023-09-10","479.20","EUR","PayPal","Paid","2023-09-10","2023-10-09",""
525,34,34,"INV-2021-04-34-4","2023-10-14","479.20","EUR","PayPal","Paid","2023-10-10","2023-11-08",""
526,34,34,"INV-2021-05-34-5","2023-11-10","479.20","EUR","SEPA Direct Debit","Paid","2023-11-09","2023-12-08",""
527,34,34,"INV-2021-06-34-6","2023-12-14","479.20","EUR","PayPal","Paid","2023-12-09","2024-01-07",""
528,34,34,"INV-2021-07-34-7","2024-01-10","479.20","EUR","Bank Transfer","Paid","2024-01-08","2024-02-06",""
529,34,34,"INV-2021-08-34-8","2024-02-07","479.20","EUR","Card","Paid","2024-02-07","2024-03-07",""
530,34,34,"INV-2021-09-34-9","2024-03-08","479.20","EUR","Bank Transfer","Paid","2024-03-08","2024-04-06",""
531,34,34,"INV-2021-10-34-10","2024-04-10","479.20","EUR","SEPA Direct Debit","Paid","2024-04-07","2024-05-06",""
532,34,34,"INV-2021-11-34-11","2024-05-09","479.20","EUR","Card","Pending","2024-05-07","2024-06-05",""
533,34,34,"INV-2021-12-34-12","2024-06-07","479.20","EUR","PayPal","Failed","2024-06-06","2024-07-05","Insufficient Funds"
534,34,34,"INV-2022-01-34-13","2024-07-07","479.20","EUR","Bank Transfer","Paid","2024-07-06","2024-08-04",""
535,34,34,"INV-2022-02-34-14","2024-08-08","479.20","EUR","SEPA Direct Debit","Failed","2024-08-05","2024-09-03","Invalid Account"
536,34,34,"INV-2022-03-34-15","2024-09-06","479.20","EUR","SEPA Direct Debit","Paid","2024-09-04","2024-10-03",""
537,34,34,"INV-2022-04-34-16","2024-10-06","479.20","EUR","PayPal","Paid","2024-10-04","2024-11-02",""
538,34,34,"INV-2022-05-34-17","2024-11-06","479.20","EUR","PayPal","Paid","2024-11-03","2024-12-02",""
539,34,34,"INV-2022-06-34-18","2024-12-05","479.20","EUR","SEPA Direct Debit","Failed","2024-12-03","2025-01-01","Bank Rejected"
540,34,34,"INV-2022-07-34-19","2025-01-05","479.20","EUR","Bank Transfer","Paid","2025-01-02","2025-01-31",""
541,34,34,"INV-2022-08-34-20","2025-02-06","479.20","EUR","SEPA Direct Debit","Paid","2025-02-01","2025-03-02",""
542,34,34,"INV-2022-09-34-21","2025-03-07","479.20","EUR","PayPal","Failed","2025-03-03","2025-04-01","Invalid Account"
543,34,34,"INV-2022-10-34-22","2025-04-04","479.20","EUR","SEPA Direct Debit","Paid","2025-04-02","2025-05-01",""
544,34,34,"INV-2022-11-34-23","2025-05-03","479.20","EUR","Bank Transfer","Paid","2025-05-02","2025-05-31",""
545,34,34,"INV-2022-12-34-24","2025-06-04","479.20","EUR","SEPA Direct Debit","Pending","2025-06-01","2025-06-30",""
546,35,35,"INV-2021-01-35-1","2021-12-30","4791.96","EUR","PayPal","Pending","2021-12-27","2022-12-26",""
547,35,35,"INV-2021-02-35-2","2022-12-30","4791.96","EUR","SEPA Direct Debit","Paid","2022-12-27","2023-12-26",""
548,35,35,"INV-2021-03-35-3","2023-12-28","4791.96","EUR","PayPal","Paid","2023-12-27","2024-12-25",""
549,35,35,"INV-2021-04-35-4","2024-12-27","4791.96","EUR","Card","Failed","2024-12-26","2025-12-25","Invalid Account"
550,35,35,"INV-2021-05-35-5","2025-12-30","4791.96","EUR","Card","Paid","2025-12-26","2026-12-25",""
551,36,36,"INV-2021-01-36-1","2021-09-13","99.00","EUR","Card","Paid","2021-09-08","2021-10-07",""
552,36,36,"INV-2021-02-36-2","2021-10-11","99.00","EUR","Bank Transfer","Paid","2021-10-08","2021-11-06",""
553,36,36,"INV-2021-03-36-3","2021-11-07","99.00","EUR","Card","Paid","2021-11-07","2021-12-06",""
554,36,36,"INV-2021-04-36-4","2021-12-08","99.00","EUR","SEPA Direct Debit","Paid","2021-12-07","2022-01-05",""
555,36,36,"INV-2021-05-36-5","2022-01-06","99.00","EUR","PayPal","Paid","2022-01-06","2022-02-04",""
556,36,36,"INV-2021-06-36-6","2022-02-10","99.00","EUR","Card","Paid","2022-02-05","2022-03-06",""
557,36,36,"INV-2021-07-36-7","2022-03-11","99.00","EUR","Card","Paid","2022-03-07","2022-04-05",""
558,36,36,"INV-2021-08-36-8","2022-04-06","99.00","EUR","SEPA Direct Debit","Paid","2022-04-06","2022-05-05",""
559,36,36,"INV-2021-09-36-9","2022-05-10","99.00","EUR","Card","Pending","2022-05-06","2022-06-04",""
560,36,36,"INV-2021-10-36-10","2022-06-09","99.00","EUR","PayPal","Paid","2022-06-05","2022-07-04",""
561,36,36,"INV-2021-11-36-11","2022-07-06","99.00","EUR","Card","Paid","2022-07-05","2022-08-03",""
562,36,36,"INV-2021-12-36-12","2022-08-08","99.00","EUR","Bank Transfer","Paid","2022-08-04","2022-09-02",""
563,36,36,"INV-2022-01-36-13","2022-09-07","99.00","EUR","SEPA Direct Debit","Paid","2022-09-03","2022-10-02",""
564,36,36,"INV-2022-02-36-14","2022-10-05","99.00","EUR","Card","Paid","2022-10-03","2022-11-01",""
565,36,36,"INV-2022-03-36-15","2022-11-04","99.00","EUR","PayPal","Pending","2022-11-02","2022-12-01",""
566,36,36,"INV-2022-04-36-16","2022-12-06","99.00","EUR","Bank Transfer","Paid","2022-12-02","2022-12-31",""
567,36,36,"INV-2022-05-36-17","2023-01-03","99.00","EUR","Card","Paid","2023-01-01","2023-01-30",""
568,36,36,"INV-2022-06-36-18","2023-02-05","99.00","EUR","Card","Refunded","2023-01-31","2023-03-01","Customer Requested Refund"
569,36,36,"INV-2022-07-36-19","2023-03-02","99.00","EUR","PayPal","Paid","2023-03-02","2023-03-31",""
570,36,36,"INV-2022-08-36-20","2023-04-05","99.00","EUR","Card","Paid","2023-04-01","2023-04-30",""
571,36,36,"INV-2022-09-36-21","2023-05-06","99.00","EUR","PayPal","Paid","2023-05-01","2023-05-30",""
572,36,36,"INV-2022-10-36-22","2023-06-03","99.00","EUR","SEPA Direct Debit","Paid","2023-05-31","2023-06-29",""
573,36,36,"INV-2022-11-36-23","2023-07-04","99.00","EUR","Card","Pending","2023-06-30","2023-07-29",""
574,36,36,"INV-2022-12-36-24","2023-08-03","99.00","EUR","Bank Transfer","Failed","2023-07-30","2023-08-28","Card Expired"
575,37,37,"INV-2021-01-37-1","2023-07-04","4791.96","EUR","SEPA Direct Debit","Failed","2023-06-29","2024-06-27","Network Error"
576,37,37,"INV-2021-02-37-2","2024-06-28","4791.96","EUR","Card","Failed","2024-06-28","2025-06-27","Bank Rejected"
577,37,37,"INV-2021-03-37-3","2025-06-29","4791.96","EUR","Card","Failed","2025-06-28","2026-06-27","Bank Rejected"
578,37,37,"INV-2021-04-37-4","2026-06-29","4791.96","EUR","PayPal","Paid","2026-06-28","2027-06-27",""
579,38,38,"INV-2021-01-38-1","2021-10-07","990.00","EUR","Bank Transfer","Paid","2021-10-07","2022-10-06",""
580,38,38,"INV-2021-02-38-2","2022-10-11","990.00","EUR","PayPal","Paid","2022-10-07","2023-10-06",""
581,38,38,"INV-2021-03-38-3","2023-10-12","990.00","EUR","PayPal","Failed","2023-10-07","2024-10-05","Bank Rejected"
582,38,38,"INV-2021-04-38-4","2024-10-11","990.00","EUR","Card","Paid","2024-10-06","2025-10-05",""
583,38,38,"INV-2021-05-38-5","2025-10-10","990.00","EUR","SEPA Direct Debit","Paid","2025-10-06","2026-10-05",""
584,39,39,"INV-2021-01-39-1","2022-08-16","5990.04","EUR","Bank Transfer","Paid","2022-08-16","2023-08-15",""
585,39,39,"INV-2021-02-39-2","2023-08-16","5990.04","EUR","PayPal","Paid","2023-08-16","2024-08-14",""
586,39,39,"INV-2021-03-39-3","2024-08-17","5990.04","EUR","SEPA Direct Debit","Paid","2024-08-15","2025-08-14",""
587,39,39,"INV-2021-04-39-4","2025-08-18","5990.04","EUR","SEPA Direct Debit","Paid","2025-08-15","2026-08-14",""
588,39,39,"INV-2021-05-39-5","2026-08-19","5990.04","EUR","Bank Transfer","Failed","2026-08-15","2027-08-14","Network Error"
589,40,40,"INV-2021-01-40-1","2021-04-01","849.15","EUR","PayPal","Paid","2021-03-27","2021-04-25",""
590,40,40,"INV-2021-02-40-2","2021-04-26","849.15","EUR","SEPA Direct Debit","Paid","2021-04-26","2021-05-25",""
591,40,40,"INV-2021-03-40-3","2021-05-27","849.15","EUR","Card","Paid","2021-05-26","2021-06-24",""
592,40,40,"INV-2021-04-40-4","2021-06-27","849.15","EUR","Bank Transfer","Paid","2021-06-25","2021-07-24",""
593,40,40,"INV-2021-05-40-5","2021-07-30","849.15","EUR","SEPA Direct Debit","Paid","2021-07-25","2021-08-23",""
594,40,40,"INV-2021-06-40-6","2021-08-24","849.15","EUR","SEPA Direct Debit","Paid","2021-08-24","2021-09-22",""
595,40,40,"INV-2021-07-40-7","2021-09-26","849.15","EUR","SEPA Direct Debit","Paid","2021-09-23","2021-10-22",""
596,40,40,"INV-2021-08-40-8","2021-10-23","849.15","EUR","Bank Transfer","Paid","2021-10-23","2021-11-21",""
597,40,40,"INV-2021-09-40-9","2021-11-25","849.15","EUR","PayPal","Paid","2021-11-22","2021-12-21",""
598,40,40,"INV-2021-10-40-10","2021-12-22","849.15","EUR","SEPA Direct Debit","Paid","2021-12-22","2022-01-20",""
599,40,40,"INV-2021-11-40-11","2022-01-25","849.15","EUR","SEPA Direct Debit","Paid","2022-01-21","2022-02-19",""
600,40,40,"INV-2021-12-40-12","2022-02-23","849.15","EUR","PayPal","Paid","2022-02-20","2022-03-21",""
601,40,40,"INV-2022-01-40-13","2022-03-25","849.15","EUR","Bank Transfer","Paid","2022-03-22","2022-04-20",""
602,40,40,"INV-2022-02-40-14","2022-04-25","849.15","EUR","PayPal","Paid","2022-04-21","2022-05-20",""
603,40,40,"INV-2022-03-40-15","2022-05-22","849.15","EUR","SEPA Direct Debit","Paid","2022-05-21","2022-06-19",""
604,40,40,"INV-2022-04-40-16","2022-06-22","849.15","EUR","Card","Paid","2022-06-20","2022-07-19",""
605,40,40,"INV-2022-05-40-17","2022-07-21","849.15","EUR","PayPal","Paid","2022-07-20","2022-08-18",""
606,40,40,"INV-2022-06-40-18","2022-08-21","849.15","EUR","Card","Paid","2022-08-19","2022-09-17",""
607,40,40,"INV-2022-07-40-19","2022-09-20","849.15","EUR","Bank Transfer","Paid","2022-09-18","2022-10-17",""
608,40,40,"INV-2022-08-40-20","2022-10-23","849.15","EUR","Bank Transfer","Paid","2022-10-18","2022-11-16",""
609,40,40,"INV-2022-09-40-21","2022-11-20","849.15","EUR","SEPA Direct Debit","Paid","2022-11-17","2022-12-16",""
610,40,40,"INV-2022-10-40-22","2022-12-17","849.15","EUR","PayPal","Failed","2022-12-17","2023-01-15","Bank Rejected"
611,40,40,"INV-2022-11-40-23","2023-01-18","849.15","EUR","PayPal","Paid","2023-01-16","2023-02-14",""
612,40,40,"INV-2022-12-40-24","2023-02-20","849.15","EUR","Bank Transfer","Pending","2023-02-15","2023-03-16",""
613,41,41,"INV-2021-01-41-1","2021-11-11","239.20","EUR","Bank Transfer","Paid","2021-11-09","2021-12-08",""
614,41,41,"INV-2021-02-41-2","2021-12-12","239.20","EUR","PayPal","Paid","2021-12-09","2022-01-07",""
615,41,41,"INV-2021-03-41-3","2022-01-10","239.20","EUR","PayPal","Paid","2022-01-08","2022-02-06",""
616,41,41,"INV-2021-04-41-4","2022-02-11","239.20","EUR","SEPA Direct Debit","Paid","2022-02-07","2022-03-08",""
617,41,41,"INV-2021-05-41-5","2022-03-12","239.20","EUR","PayPal","Paid","2022-03-09","2022-04-07",""
618,41,41,"INV-2021-06-41-6","2022-04-10","239.20","EUR","Bank Transfer","Paid","2022-04-08","2022-05-07",""
619,41,41,"INV-2021-07-41-7","2022-05-12","239.20","EUR","Bank Transfer","Refunded","2022-05-08","2022-06-06","Customer Requested Refund"
620,41,41,"INV-2021-08-41-8","2022-06-12","239.20","EUR","Card","Paid","2022-06-07","2022-07-06",""
621,41,41,"INV-2021-09-41-9","2022-07-12","239.20","EUR","Bank Transfer","Paid","2022-07-07","2022-08-05",""
622,41,41,"INV-2021-10-41-10","2022-08-09","239.20","EUR","Card","Paid","2022-08-06","2022-09-04",""
623,41,41,"INV-2021-11-41-11","2022-09-08","239.20","EUR","Bank Transfer","Paid","2022-09-05","2022-10-04",""
624,41,41,"INV-2021-12-41-12","2022-10-10","239.20","EUR","SEPA Direct Debit","Paid","2022-10-05","2022-11-03",""
625,41,41,"INV-2022-01-41-13","2022-11-09","239.20","EUR","PayPal","Paid","2022-11-04","2022-12-03",""
626,41,41,"INV-2022-02-41-14","2022-12-07","239.20","EUR","PayPal","Paid","2022-12-04","2023-01-02",""
627,41,41,"INV-2022-03-41-15","2023-01-07","239.20","EUR","PayPal","Paid","2023-01-03","2023-02-01",""
628,41,41,"INV-2022-04-41-16","2023-02-06","239.20","EUR","SEPA Direct Debit","Paid","2023-02-02","2023-03-03",""
629,41,41,"INV-2022-05-41-17","2023-03-09","239.20","EUR","Card","Failed","2023-03-04","2023-04-02","Invalid Account"
630,41,41,"INV-2022-06-41-18","2023-04-03","239.20","EUR","SEPA Direct Debit","Paid","2023-04-03","2023-05-02",""
631,41,41,"INV-2022-07-41-19","2023-05-04","239.20","EUR","Card","Paid","2023-05-03","2023-06-01",""
632,41,41,"INV-2022-08-41-20","2023-06-06","239.20","EUR","PayPal","Refunded","2023-06-02","2023-07-01","Customer Requested Refund"
633,41,41,"INV-2022-09-41-21","2023-07-04","239.20","EUR","PayPal","Pending","2023-07-02","2023-07-31",""
634,41,41,"INV-2022-10-41-22","2023-08-01","239.20","EUR","SEPA Direct Debit","Paid","2023-08-01","2023-08-30",""
635,41,41,"INV-2022-11-41-23","2023-09-01","239.20","EUR","Bank Transfer","Paid","2023-08-31","2023-09-29",""
636,41,41,"INV-2022-12-41-24","2023-10-03","239.20","EUR","PayPal","Paid","2023-09-30","2023-10-29",""
637,42,42,"INV-2021-01-42-1","2021-08-19","990.00","EUR","Bank Transfer","Paid","2021-08-14","2022-08-13",""
638,42,42,"INV-2021-02-42-2","2022-08-16","990.00","EUR","PayPal","Refunded","2022-08-14","2023-08-13","Customer Requested Refund"
639,42,42,"INV-2021-03-42-3","2023-08-14","990.00","EUR","Card","Paid","2023-08-14","2024-08-12",""
640,42,42,"INV-2021-04-42-4","2024-08-13","990.00","EUR","Bank Transfer","Paid","2024-08-13","2025-08-12",""
641,42,42,"INV-2021-05-42-5","2025-08-15","990.00","EUR","PayPal","Paid","2025-08-13","2026-08-12",""
642,42,42,"INV-2021-06-42-6","2026-08-14","990.00","EUR","SEPA Direct Debit","Paid","2026-08-13","2027-08-12",""
643,43,43,"INV-2021-01-43-1","2023-04-07","9990.00","EUR","PayPal","Paid","2023-04-04","2024-04-02",""
644,43,43,"INV-2021-02-43-2","2024-04-05","9990.00","EUR","Card","Paid","2024-04-03","2025-04-02",""
645,43,43,"INV-2021-03-43-3","2025-04-08","9990.00","EUR","SEPA Direct Debit","Paid","2025-04-03","2026-04-02",""
646,43,43,"INV-2021-04-43-4","2026-04-08","9990.00","EUR","Bank Transfer","Paid","2026-04-03","2027-04-02",""
647,44,44,"INV-2021-01-44-1","2023-03-01","792.00","EUR","Bank Transfer","Paid","2023-02-24","2024-02-23",""
648,44,44,"INV-2021-02-44-2","2024-02-28","792.00","EUR","PayPal","Paid","2024-02-24","2025-02-22",""
649,44,44,"INV-2021-03-44-3","2025-02-26","792.00","EUR","PayPal","Paid","2025-02-23","2026-02-22",""
650,44,44,"INV-2021-04-44-4","2026-02-28","792.00","EUR","PayPal","Paid","2026-02-23","2027-02-22",""
651,45,45,"INV-2021-01-45-1","2023-03-26","99.00","EUR","Bank Transfer","Paid","2023-03-23","2023-04-21",""
652,45,45,"INV-2021-02-45-2","2023-04-25","99.00","EUR","PayPal","Paid","2023-04-22","2023-05-21",""
653,45,45,"INV-2021-03-45-3","2023-05-22","99.00","EUR","Bank Transfer","Paid","2023-05-22","2023-06-20",""
654,45,45,"INV-2021-04-45-4","2023-06-23","99.00","EUR","Card","Paid","2023-06-21","2023-07-20",""
655,45,45,"INV-2021-05-45-5","2023-07-25","99.00","EUR","Bank Transfer","Paid","2023-07-21","2023-08-19",""
656,45,45,"INV-2021-06-45-6","2023-08-22","99.00","EUR","PayPal","Paid","2023-08-20","2023-09-18",""
657,45,45,"INV-2021-07-45-7","2023-09-19","99.00","EUR","PayPal","Paid","2023-09-19","2023-10-18",""
658,45,45,"INV-2021-08-45-8","2023-10-23","99.00","EUR","SEPA Direct Debit","Pending","2023-10-19","2023-11-17",""
659,45,45,"INV-2021-09-45-9","2023-11-22","99.00","EUR","PayPal","Paid","2023-11-18","2023-12-17",""
660,45,45,"INV-2021-10-45-10","2023-12-22","99.00","EUR","SEPA Direct Debit","Paid","2023-12-18","2024-01-16",""
661,45,45,"INV-2021-11-45-11","2024-01-20","99.00","EUR","SEPA Direct Debit","Paid","2024-01-17","2024-02-15",""
662,45,45,"INV-2021-12-45-12","2024-02-20","99.00","EUR","Bank Transfer","Paid","2024-02-16","2024-03-16",""
663,45,45,"INV-2022-01-45-13","2024-03-19","99.00","EUR","SEPA Direct Debit","Paid","2024-03-17","2024-04-15",""
664,45,45,"INV-2022-02-45-14","2024-04-16","99.00","EUR","Bank Transfer","Paid","2024-04-16","2024-05-15",""
665,45,45,"INV-2022-03-45-15","2024-05-20","99.00","EUR","Bank Transfer","Paid","2024-05-16","2024-06-14",""
666,45,45,"INV-2022-04-45-16","2024-06-19","99.00","EUR","Bank Transfer","Paid","2024-06-15","2024-07-14",""
667,45,45,"INV-2022-05-45-17","2024-07-18","99.00","EUR","Bank Transfer","Paid","2024-07-15","2024-08-13",""
668,45,45,"INV-2022-06-45-18","2024-08-18","99.00","EUR","SEPA Direct Debit","Paid","2024-08-14","2024-09-12",""
669,45,45,"INV-2022-07-45-19","2024-09-14","99.00","EUR","PayPal","Paid","2024-09-13","2024-10-12",""
670,45,45,"INV-2022-08-45-20","2024-10-17","99.00","EUR","SEPA Direct Debit","Paid","2024-10-13","2024-11-11",""
671,45,45,"INV-2022-09-45-21","2024-11-12","99.00","EUR","Bank Transfer","Paid","2024-11-12","2024-12-11",""
672,45,45,"INV-2022-10-45-22","2024-12-15","99.00","EUR","PayPal","Pending","2024-12-12","2025-01-10",""
673,45,45,"INV-2022-11-45-23","2025-01-14","99.00","EUR","PayPal","Paid","2025-01-11","2025-02-09",""
674,45,45,"INV-2022-12-45-24","2025-02-15","99.00","EUR","PayPal","Paid","2025-02-10","2025-03-11",""
675,46,46,"INV-2021-01-46-1","2023-06-24","0.00","EUR","Card","Paid","2023-06-23","2023-07-22",""
676,46,46,"INV-2021-02-46-2","2023-07-24","0.00","EUR","SEPA Direct Debit","Paid","2023-07-23","2023-08-21",""
677,46,46,"INV-2021-03-46-3","2023-08-23","0.00","EUR","Bank Transfer","Paid","2023-08-22","2023-09-20",""
678,46,46,"INV-2021-04-46-4","2023-09-24","0.00","EUR","PayPal","Paid","2023-09-21","2023-10-20",""
679,46,46,"INV-2021-05-46-5","2023-10-25","0.00","EUR","Card","Paid","2023-10-21","2023-11-19",""
680,46,46,"INV-2021-06-46-6","2023-11-22","0.00","EUR","SEPA Direct Debit","Paid","2023-11-20","2023-12-19",""
681,46,46,"INV-2021-07-46-7","2023-12-24","0.00","EUR","Card","Paid","2023-12-20","2024-01-18",""
682,46,46,"INV-2021-08-46-8","2024-01-24","0.00","EUR","Bank Transfer","Paid","2024-01-19","2024-02-17",""
683,46,46,"INV-2021-09-46-9","2024-02-21","0.00","EUR","Bank Transfer","Paid","2024-02-18","2024-03-18",""
684,46,46,"INV-2021-10-46-10","2024-03-21","0.00","EUR","Card","Paid","2024-03-19","2024-04-17",""
685,46,46,"INV-2021-11-46-11","2024-04-21","0.00","EUR","Card","Paid","2024-04-18","2024-05-17",""
686,46,46,"INV-2021-12-46-12","2024-05-21","0.00","EUR","Card","Paid","2024-05-18","2024-06-16",""
687,46,46,"INV-2022-01-46-13","2024-06-18","0.00","EUR","SEPA Direct Debit","Paid","2024-06-17","2024-07-16",""
688,46,46,"INV-2022-02-46-14","2024-07-22","0.00","EUR","PayPal","Paid","2024-07-17","2024-08-15",""
689,46,46,"INV-2022-03-46-15","2024-08-17","0.00","EUR","Bank Transfer","Paid","2024-08-16","2024-09-14",""
690,46,46,"INV-2022-04-46-16","2024-09-16","0.00","EUR","SEPA Direct Debit","Paid","2024-09-15","2024-10-14",""
691,46,46,"INV-2022-05-46-17","2024-10-19","0.00","EUR","Bank Transfer","Paid","2024-10-15","2024-11-13",""
692,46,46,"INV-2022-06-46-18","2024-11-16","0.00","EUR","SEPA Direct Debit","Pending","2024-11-14","2024-12-13",""
693,46,46,"INV-2022-07-46-19","2024-12-16","0.00","EUR","Card","Paid","2024-12-14","2025-01-12",""
694,46,46,"INV-2022-08-46-20","2025-01-14","0.00","EUR","PayPal","Pending","2025-01-13","2025-02-11",""
695,46,46,"INV-2022-09-46-21","2025-02-12","0.00","EUR","Bank Transfer","Refunded","2025-02-12","2025-03-13","Customer Requested Refund"
696,46,46,"INV-2022-10-46-22","2025-03-19","0.00","EUR","Bank Transfer","Paid","2025-03-14","2025-04-12",""
697,46,46,"INV-2022-11-46-23","2025-04-14","0.00","EUR","Bank Transfer","Paid","2025-04-13","2025-05-12",""
698,46,46,"INV-2022-12-46-24","2025-05-18","0.00","EUR","PayPal","Pending","2025-05-13","2025-06-11",""
699,21,21,"INV-2026-08-21-25","2026-08-20","319.10","EUR","Card","Paid","2026-08-08","2026-09-07",""
